geohash,count,demand_min,demand_max,demand_mean,n_timestamps,n_road,n_weather
qp02yc,12,0.0048242087709441,0.0467898196882919,0.018497644628780976,12,1,3
qp02yf,1,0.0294325672228641,0.0294325672228641,0.0294325672228641,1,1,1
qp02yy,2,0.0018866761693395,0.003916465292585,0.00290157073096225,2,1,2
qp02yz,30,0.0111982284104744,0.1110026551694169,0.03656369270621182,30,1,4
qp02z1,33,0.0009839414824835,0.1162991169894323,0.04004764036966515,25,1,3
qp02z3,25,7.337489895908541e-05,0.0547034594506254,0.02001422108563211,25,1,4
qp02z4,9,0.0019373305363215,0.0666863876097174,0.023295277113360567,9,1,3
qp02z5,31,0.0058903512768387,0.0857526955550695,0.03398183410370854,31,1,4
qp02z6,39,0.0032265069717434,0.1350286600101503,0.03994414921236607,38,1,4
qp02z7,33,0.0013608642472016,0.0993787105759305,0.03851965581294627,33,1,4
qp02z9,35,0.0013853967602208,0.1175295622554242,0.03174206167030071,34,1,4
qp02zc,47,0.000200869980519,0.1400164129533912,0.04957165965371991,47,1,4
qp02zd,55,0.0005794537221127,0.1445910335276297,0.05459311013569155,49,1,4
qp02ze,57,0.0043186007581164,0.3646333708499873,0.0908567852389078,53,2,4
qp02zf,5,0.0014436242465309,0.0270193504995416,0.013993731212375498,4,1,4
qp02zg,45,0.0010136850258573,0.1081929555479879,0.04389714873185336,42,1,4
qp02zh,60,0.0008809916794541,0.3775720254355368,0.13532525393115302,57,3,4
qp02zj,57,0.0043078736477725,0.3887215934313588,0.19058081239287616,55,3,4
qp02zk,36,7.981559426582837e-07,0.1408947156832034,0.04012033224016468,35,1,4
qp02zm,51,0.0011945542721697,0.1659467774759852,0.06800101738402374,50,1,4
qp02zn,57,0.0040247496906843,0.3307487945384169,0.1344867253489026,54,2,4
qp02zp,61,0.0018672042961715,0.2175430577890194,0.09653282907771246,57,1,4
qp02zq,36,0.0001789300595799,0.1167870975500008,0.029299701396991243,35,1,4
qp02zr,60,0.0001140692979343,0.4903160772762696,0.15219889238137085,56,3,4
qp02zs,53,0.0019722454194539,0.1940598230458813,0.07128567797421011,53,1,4
qp02zt,89,0.0011930005657425,0.424568877416497,0.20876610090432915,80,3,4
qp02zu,43,0.0011301487668914,0.1040710263138032,0.04155541356989651,43,1,4
qp02zv,47,0.001180648050407,0.3249275471944359,0.08217781250629116,44,2,4
qp02zw,79,0.0002747424842757,0.9646276713844985,0.49246096708656684,70,3,4
qp02zx,83,0.0030002123025448,0.7743062546402486,0.30702101958671213,74,3,4
qp02zy,71,0.0020740859076337,0.3421320558804135,0.13440088363146238,62,2,4
qp02zz,92,0.0028938467241674,0.7573655994786019,0.3273999329470959,83,3,4
qp03jq,90,0.002351900246667,0.0691424194183364,0.027227836619925692,81,1,4
qp03jr,92,0.0009032998982759,0.0567601294377787,0.02331837671056445,83,1,4
qp03jw,94,0.0015335658159719,0.0728673531903463,0.026501993936682726,85,1,4
qp03jx,95,0.0006173974327316,0.0626436987232002,0.021863835457499866,88,1,4
qp03jy,90,0.0002811403737428,0.0845795480613301,0.03078964782309793,81,1,4
qp03jz,90,0.0013592457699545,0.0566669243231002,0.02731901527069574,83,1,4
qp03m2,85,0.0016988155268486,0.0591742473332535,0.01691945618961168,77,1,4
qp03m3,54,0.0002049905853627,0.0280798484101483,0.01008667107704985,53,1,4
qp03m6,98,0.0004777620845939,0.1490905464474685,0.058765362244113016,91,1,4
qp03m7,80,0.0007890621382375,0.0521557483845734,0.019803865420350952,75,1,4
qp03m8,90,0.000444041293556,0.0491955056076803,0.018435547893117483,82,1,4
qp03m9,91,0.0001872429926163,0.0575590701422408,0.02132704084694041,84,1,4
qp03mb,100,0.0008039023431123,0.159545414291118,0.06515386392049684,91,1,4
qp03mc,85,0.0004695387758667,0.0956066719430574,0.030130171665006766,78,1,4
qp03md,75,0.0001500175091468,0.0492159038208524,0.013932910225870607,69,1,4
qp03me,97,0.0008070286318886,0.0910068598426111,0.03235627736012424,89,1,4
qp03mf,96,0.0004266616870999,0.0731439487852143,0.03147673409577307,87,1,4
qp03mg,105,0.0085948149121362,0.6090671681144496,0.19700858660622134,96,3,4
qp03mk,76,0.0006615682877799,0.0440097050222447,0.015510169121811112,70,1,4
qp03mm,50,0.0001930226665626,0.0262999283791004,0.008233832456593527,50,1,4
qp03mq,74,0.0005548149772459,0.0461892794785944,0.012705266300050849,70,1,4
qp03mr,62,0.0002898018311378,0.0305908100901237,0.010341104297034389,61,1,4
qp03ms,89,4.747904059791603e-05,0.0476066608431006,0.019261737739220002,80,1,4
qp03mt,100,0.00070552727976,0.08241747974039,0.03372263237504333,91,1,4
qp03mu,101,0.0008048434811991,0.1358245905231297,0.044672169247551755,92,1,4
qp03mv,97,0.0007156575579338,0.0985205372308362,0.04515430777770141,88,1,4
qp03mw,92,0.000984177783858,0.1058899609604856,0.04319461140873856,83,1,4
qp03mx,27,0.0006050531708073,0.0233756002471642,0.005948088545053419,27,1,4
qp03my,100,0.0014671233231804,0.1335630109247786,0.060533406580137915,91,1,4
qp03mz,99,0.0005915381734981,0.0917108171509905,0.046349138488483765,90,1,4
qp03nb,62,0.0012071371238762,0.2258932500180585,0.07772491011341431,60,2,4
qp03nd,42,0.0010422142624552,0.1313657796963724,0.03955878574654868,40,1,4
qp03nf,33,1.1890183853502377e-05,0.1745641302142943,0.08284708364944383,33,1,4
qp03nn,5,0.000263507595337,0.0126848145216232,0.00412049596839452,5,1,3
qp03np,20,0.0004405343844074,0.0152772391611743,0.005676170132666495,20,1,4
qp03nq,92,0.0045091667579861,0.2158116768352701,0.0775464612181847,83,1,4
qp03nr,94,0.0002592168741956,0.1263641203500313,0.05060769384629065,87,1,4
qp03nw,96,0.000664252706718,0.1019408544052328,0.047892605747518864,88,1,4
qp03nx,103,0.0004387437593594,0.1143290966366251,0.05307665054619797,94,1,4
qp03ny,100,7.826758432460353e-05,0.2285204117295955,0.07537113826832816,91,2,4
qp03nz,104,0.0054938271156642,0.2169731068571485,0.10798662244289513,95,1,4
qp03p0,41,0.0046767022478235,0.098356907671392,0.031255425816028436,37,1,4
qp03p1,26,0.0028527061640091,0.0547662813642594,0.024479859867106955,26,1,4
qp03p2,69,0.0019633892898417,0.4998786711826514,0.2356342257809326,60,3,4
qp03p3,63,0.0038027331621818,0.2058841686356789,0.08285697024027328,58,1,4
qp03p4,34,0.0006651694165411,0.0487516608109918,0.02448221596692665,33,1,4
qp03p5,6,0.000467064440864,0.0342329497538873,0.015851488168820985,6,1,3
qp03p6,62,0.0020155123291494,0.1619547096582951,0.05312803686543342,55,1,4
qp03p7,66,0.0010015203333546,0.582455500868881,0.2814203632267838,60,3,4
qp03p8,70,0.00889231355121,0.2429136188347757,0.11008014037821061,64,2,4
qp03p9,60,0.010500687518916,0.2707174595448657,0.09335951635360779,59,2,4
qp03pb,72,0.0036858860147807,0.4045413792016492,0.1448982003270521,66,3,4
qp03pc,54,0.0087977649074069,0.2759164992500543,0.08349445019617188,54,2,4
qp03pd,70,0.0035092023935035,0.3239627331391385,0.16421313324228357,65,2,4
qp03pe,84,0.0058049834085026,0.2319153982750378,0.09537259550983979,77,2,4
qp03pf,41,0.0010644082621131,0.1753158933216631,0.05398964517479167,40,1,4
qp03pg,9,0.0018432660204729,0.0492392736305274,0.012813477652897368,9,1,3
qp03pk,50,0.0091272199630582,0.1828130694137118,0.06536989238211185,49,1,4
qp03pm,14,0.000346134173414,0.0221754156750557,0.010597048894124486,14,1,4
qp03pn,71,0.00033757870814,0.0661620381414997,0.014301362243138837,63,1,4
qp03pp,104,0.0029033823036677,0.237995433429007,0.0917169631563772,95,2,4
qp03pq,90,0.0003882952283066,0.0900757773538811,0.03150287783823573,81,1,4
qp03pr,105,0.0115511830248007,0.1977106557364824,0.0963902607759912,96,1,4
qp03ps,77,0.0010032473583128,0.1756220109260362,0.06271873680146418,70,1,4
qp03pt,51,1.4088935900360218e-06,0.2181999478535548,0.06031698935766409,51,1,4
qp03pu,5,0.0004251866387015,0.0454118125110214,0.015076614112747619,5,1,3
qp03pv,55,0.0012931203076409,0.1456370814964421,0.04082309509240969,50,1,4
qp03pw,88,6.761995791941755e-05,0.0878610435391191,0.02458889962703207,80,1,4
qp03px,95,0.0023985684769134,0.1044293655314468,0.051352456503259675,86,1,4
qp03py,80,0.0001347941749972,0.0577111415238376,0.01690695457957671,75,1,4
qp03pz,93,0.0001742050897364,0.1117816803243111,0.03393157509357075,84,1,4
qp03q0,87,0.0001590807580867,0.1052618995081335,0.03947936560562291,78,1,4
qp03q1,93,0.0020516308188204,0.1053918685254734,0.04866824985088794,85,1,4
qp03q2,99,7.367578781851862e-05,0.1538719331419716,0.06249835125332695,90,1,4
qp03q3,99,0.0001420418601525,0.1498835745845641,0.0590128628882465,90,1,4
qp03q4,83,0.0015439679249027,0.3220925221021096,0.09049798907208736,79,2,4
qp03q5,90,0.005018547678475,0.1316480849928528,0.05409075694153876,82,1,4
qp03q6,97,0.0005037226747198,0.1096467424973299,0.04919530052802342,88,1,4
qp03q7,101,0.0007327023366326,0.0965984583192845,0.038781883714410444,93,1,4
qp03q8,101,0.0008711119772021,0.1005838367661336,0.04919478724058998,92,1,4
qp03q9,105,0.0006378253026679,0.1875419033041523,0.09534804978092697,96,1,4
qp03qb,104,0.0094644278873243,0.1715352356445817,0.0810397016374001,95,1,4
qp03qc,104,0.0037204320837461,0.1634807832901808,0.0757275940682113,95,1,4
qp03qd,105,9.363161296281625e-05,0.2582074387115104,0.10269096702504066,96,2,4
qp03qe,104,0.0010114093606832,0.1899388715486068,0.0833304586693241,95,1,4
qp03qf,105,0.1580661701885884,0.7849198210516246,0.3622167113493951,96,3,4
qp03qg,105,0.0980961212439115,1.0,0.4978783886550889,96,3,4
qp03qh,101,0.0007037210615994,0.126204364537277,0.05489148850922123,92,1,4
qp03qj,105,0.0159639336060405,0.2865336088519515,0.13635124656452016,96,2,4
qp03qk,70,0.0001792943999036,0.0475693233716158,0.014950575775611862,69,1,4
qp03qm,105,0.0136205655670956,0.2614061508869501,0.12914611871775808,96,2,4
qp03qn,73,0.0004461850709829,0.0680222422055392,0.01619448939511622,67,1,4
qp03qp,12,0.0018380671399953,0.0119980146675349,0.005517690777982383,12,1,4
qp03qq,93,0.0001634876428868,0.1368048518396267,0.036382255916528126,86,1,4
qp03qr,29,0.0007533107894404,0.0178671872517002,0.007063713659418937,29,1,4
qp03qs,103,0.0086035218143064,0.2015125877497573,0.09385640310020299,94,1,4
qp03qt,2,0.0039202708457731,0.0144491194453123,0.0091846951455427,2,1,2
qp03qu,104,0.0148149016795991,0.3591953252616261,0.11619665970681024,95,3,4
qp03qv,101,0.0024933125218551,0.208328256831205,0.06197816142687742,92,1,4
qp03qw,19,0.0006243772355504,0.0188911803758891,0.005514833993358484,19,1,4
qp03qx,31,0.0002225849089511,0.0320156976916927,0.010622334063054852,31,1,4
qp03qy,103,0.0041046490873217,0.6170945851685139,0.21473192626883705,94,3,4
qp03qz,52,0.0001177096783045,0.1028856853289623,0.029058605321439144,50,1,4
qp03r0,105,0.0092362952947666,0.2509433151972953,0.10618905452537498,96,2,4
qp03r1,105,0.028837823632736,0.2502166448623877,0.1418606205124339,96,2,4
qp03r2,105,0.0923046204653397,0.3497569432092703,0.2166863484089764,96,2,4
qp03r3,105,0.0186061828595824,0.166146678291741,0.09727711780596024,96,1,4
qp03r4,104,0.0045953015838211,0.1750637715378783,0.07752562229428533,95,1,4
qp03r5,105,0.0047620921663048,0.16006194517904,0.0685965621829632,96,1,4
qp03r6,104,0.0014820151305803,0.164114971331531,0.08652964882023453,95,1,4
qp03r7,73,0.000495530587843,0.0449670940567942,0.01437285781149904,67,1,4
qp03r8,98,0.0011889131595666,0.1281706941371006,0.052295977571006645,89,1,4
qp03r9,105,0.0056797834714806,0.270756838205858,0.10428807760037831,96,2,4
qp03rb,86,0.0014155307663246,0.0634654977623076,0.021197182604564713,80,1,4
qp03rc,51,0.0007040761758556,0.0425944883625836,0.012205233847397712,50,1,4
qp03rd,97,0.0022999240526151,0.1130871358492742,0.05011741224795893,88,1,4
qp03re,102,0.003608951077311,0.1656066331473233,0.08596174829665089,93,1,4
qp03rf,96,0.000300911198279,0.1415905038817651,0.060647036704587515,87,1,4
qp03rg,98,0.0005830391815636,0.1123213219471701,0.04786436850686399,89,1,4
qp03rh,102,0.0013045921215815,0.3403096363078145,0.11547188222077766,93,2,4
qp03rj,100,0.0002624389756957,0.1909473901379715,0.06433807486200716,91,1,4
qp03rk,93,0.0009998328579362,0.2052163659740495,0.06397296739091259,84,1,4
qp03rm,105,0.0048561476273999,0.4535538348742135,0.12318659588436545,96,3,4
qp03rn,88,0.0006045346098354,0.1067569923077408,0.03422133896322809,79,1,4
qp03rp,98,0.0023069212238344,0.1158048754075161,0.04721258751853771,89,1,4
qp03rq,99,3.46532786016425e-05,0.1570724546971165,0.0618879253534903,90,1,4
qp03rr,99,0.0002364968138574,0.2134631670437533,0.07339584945436349,90,1,4
qp03rs,96,0.0012883009834903,0.097639553597943,0.027178252985096085,87,1,4
qp03rt,105,0.0012464456824626,0.2838571287309014,0.11080431906165276,96,2,4
qp03ru,102,0.0032326340376547,0.1711837352989388,0.08590279094194853,93,1,4
qp03rv,105,0.0064139534135007,0.1974478847927752,0.10111650659969701,96,1,4
qp03rw,104,0.0002947615952058,0.3224613857889161,0.1525814711969833,95,2,4
qp03rx,104,0.0046810628216842,0.195907991140178,0.0697199582072756,95,1,4
qp03ry,104,0.0077844540630778,0.3552699439601515,0.10730194216026884,95,3,4
qp03rz,103,0.0008611631859288,0.2307828988206494,0.08049715762230718,94,2,4
qp03t2,66,7.022824092272974e-05,0.0197695149771523,0.008500824855038627,60,1,4
qp03t3,87,0.0003469403425475,0.0640873440935626,0.01857600127394953,79,1,4
qp03t6,75,0.0002359125402966,0.0515711426327775,0.016622665448056313,69,1,4
qp03t7,83,0.0027048812376641,0.1292459604923151,0.036635888663157375,77,1,4
qp03t8,97,0.0010045934694543,0.1168436183967878,0.0459553123206569,88,1,4
qp03t9,92,0.0003620819571669,0.1978481768931931,0.07486974951201057,85,1,4
qp03tb,105,0.0001251455159505,0.1684918731575589,0.053626471906066155,96,1,4
qp03tc,102,0.0004189141090896,0.1981368367328095,0.08430078390387628,93,1,4
qp03td,81,0.000260817529305,0.039232666798324,0.01628280320224545,74,1,4
qp03te,77,0.0001592449786207,0.0505536661350616,0.016097828293744395,69,1,4
qp03tf,93,0.0002916623760677,0.1174055914975843,0.029642396621918952,85,1,4
qp03tg,81,9.148194520422334e-05,0.0518380066550043,0.018294498746442782,74,1,4
qp03tk,25,0.0002356290806376,0.0146513420665394,0.004295439463069912,22,1,4
qp03tm,50,0.0003024546178927,0.0219405358532606,0.007916692183474868,44,1,4
qp03tq,16,0.0002474829921729,0.0142268905748309,0.004484694608724743,16,1,4
qp03tr,15,0.0007993350830085,0.0145908736114947,0.004923615262026493,15,1,4
qp03ts,95,0.0027057269032385,0.1153981757111422,0.05059601304458493,86,1,4
qp03tt,54,0.0004710453253259,0.0453657154635087,0.013873776136170017,52,1,4
qp03tu,85,3.702372333986429e-05,0.0815271482599568,0.030458542336460184,77,1,4
qp03tv,81,2.169891265995908e-05,0.0579764239576368,0.025168939456594333,73,1,4
qp03tw,54,0.0012476490163391,0.029907641868283,0.011336313773426424,50,1,4
qp03tx,77,0.0008598730969132,0.0493041194409315,0.013573553834312085,69,1,4
qp03ty,87,9.138857002965109e-05,0.0709543815362298,0.027302662402152685,78,1,4
qp03tz,71,3.640838580498645e-05,0.0501363530110707,0.014160861470548586,68,1,4
qp03v2,3,0.0006836590439316,0.0072141848990554,0.0035365887985337,3,1,2
qp03v9,40,5.345313110079596e-05,0.034097042124478,0.011414495775810347,38,1,4
qp03vb,64,0.000986364487631,0.0731653063295042,0.02562455585819565,57,1,4
qp03vc,10,0.0001321666434313,0.0074096894694873,0.00245632824513538,9,1,3
qp03vd,10,0.0001367239799681,0.0148706972439089,0.00528053519422579,10,1,4
qp03w0,104,0.0004608197761018,0.1431816146506527,0.04120912502176817,95,1,4
qp03w1,104,0.0039724460136032,0.2702042110741452,0.1166151689363421,95,2,4
qp03w2,51,0.00016757803796,0.03994386280387,0.011150965284134166,47,1,4
qp03w3,98,0.0013571602931835,0.6493366670287304,0.1439396082629509,89,3,4
qp03w4,100,0.0020700020187623,0.1830230425021569,0.07390769223273694,91,1,4
qp03w5,92,0.0002115653088207,0.0753776774629273,0.03441476500696527,84,1,4
qp03w6,94,0.0001815534730819,0.1326546254840647,0.041581717494553846,85,1,4
qp03w7,88,0.0004592226355943,0.0804369250195975,0.0364204194095375,80,1,4
qp03w8,105,0.0015897411017522,0.5016903322312419,0.17865359658175525,96,3,4
qp03w9,105,0.0636941417259972,0.7263637599061544,0.30398156129290793,96,3,4
qp03wb,47,8.778929884355709e-05,0.0510484337603231,0.01668698254976073,45,1,4
qp03wc,105,0.0016711158283124,0.7202736306478619,0.24083597237072274,96,3,4
qp03wd,105,0.0211463874411588,0.5368061726879165,0.19238110574643422,96,3,4
qp03we,105,0.0167197266125931,0.3232721151950383,0.1421131032304043,96,2,4
qp03wf,105,0.0392536160935515,1.0,0.5653760177218105,96,3,4
qp03wg,105,0.0368337383156495,1.0,0.4168881540184336,96,3,4
qp03wh,87,0.0001384005138211,0.0775940599368401,0.029925473401394512,79,1,4
qp03wj,99,0.0003874968651075,0.1057064672192548,0.046269405615508505,90,1,4
qp03wk,94,0.0017187424702782,0.1132888434786766,0.0382841475919878,85,1,4
qp03wm,94,0.0002531579683959,0.1742810980260417,0.07022951960733897,85,1,4
qp03wn,94,0.002545251459924,0.2195127792320731,0.05619278042391019,85,1,4
qp03wp,89,0.0014729326230444,0.0636260441139088,0.024537284431179075,80,1,4
qp03wq,91,0.0003367597214098,0.1060859599333723,0.04672327433377976,82,1,4
qp03wr,98,0.0003406439569417,0.1670609787127738,0.06805344111568151,89,1,4
qp03ws,104,0.0059117632388404,0.2698471117814009,0.10000735718217514,95,2,4
qp03wt,102,0.0010198803572301,0.1888433717983566,0.06740263695599016,93,1,4
qp03wu,105,0.0204482555882321,0.5840447471468121,0.19144508045293251,96,3,4
qp03wv,104,0.0006485461139876,0.2010999352245087,0.09628410357747301,95,1,4
qp03ww,101,0.0010563187669547,0.1632014122121544,0.06318265310351166,92,1,4
qp03wx,101,0.0029597490235248,0.2122807379833698,0.07968606936228721,92,1,4
qp03wy,105,0.0102022252619942,0.2855244324753838,0.14622188274568879,96,2,4
qp03wz,105,0.0329705039596924,0.6380217800949328,0.32926756337351315,96,3,4
qp03x0,78,0.0014574421817397,0.0836580970611589,0.025361936656620187,72,1,4
qp03x1,104,0.0036304871230527,0.2591368353060422,0.09992182548776653,95,2,4
qp03x2,103,0.000287941742005,0.2047166527875422,0.0788625149519612,94,1,4
qp03x3,105,0.003381875556613,0.2452382419987444,0.10124782159992243,96,2,4
qp03x4,95,0.0018080045960009,0.1593338590139022,0.055606596137149224,86,1,4
qp03x5,105,0.0196637611266996,0.5334987795811884,0.17989312630084126,96,3,4
qp03x6,105,0.0020777072441516,0.1987020710844081,0.07830297458933283,96,1,4
qp03x7,103,0.0016651367156393,0.3830199773958157,0.1535264904895814,94,3,4
qp03x8,100,0.0024486824414574,0.1814946254073787,0.08056451534788144,91,1,4
qp03x9,98,0.0021611923564404,0.1629311420051997,0.06459195647015253,89,1,4
qp03xb,101,0.0013096542009785,0.0966021244782824,0.04302820102132875,92,1,4
qp03xc,92,0.0010961819893547,0.1355031514751249,0.04820733886426649,83,1,4
qp03xd,100,0.0031596295439913,0.2276813544712137,0.06787862419178212,91,2,4
qp03xe,103,0.0064614018587058,0.2438015342542038,0.08871053916098845,94,2,4
qp03xf,105,0.0077719459750437,0.3174044842433003,0.12373699477089074,96,2,4
qp03xg,103,0.0002708443870532,0.2945785156946034,0.14002257155162914,94,2,4
qp03xh,105,0.0183659335808043,0.4805358232014111,0.19385261367482365,96,3,4
qp03xj,105,0.0085282140428098,0.5478599465692336,0.21314963697574035,96,3,4
qp03xk,105,0.021595403793542,0.8066052419648421,0.26246839781169584,96,3,4
qp03xm,105,0.1694951000623507,1.0,0.5753835300011187,96,3,4
qp03xn,103,0.0008796882482253,0.3294354504156857,0.1377150421150421,94,2,4
qp03xp,105,0.026982061915224,0.4233004565642326,0.1958906835467481,96,3,4
qp03xq,105,0.0045385919951182,0.3124813755630084,0.08226418287120785,96,2,4
qp03xr,104,9.987728693007312e-05,0.2197899282047617,0.0982136154387008,95,1,4
qp03xs,105,0.018480984279828,0.5751521291448156,0.19758001296156047,96,3,4
qp03xt,105,0.0113143238391949,0.6256640792976208,0.22041183214714385,96,3,4
qp03xu,103,0.0019596674716762,0.31746714959044,0.11587099917152235,94,2,4
qp03xv,105,0.0089183162193445,0.49826972650462,0.17410198833415988,96,3,4
qp03xw,105,0.0812743186761074,1.0,0.43085436346020817,96,3,4
qp03xx,105,0.0676388737188752,1.0,0.6311937760706723,96,3,4
qp03xy,105,0.0974568051298806,0.8718646299622849,0.3960574144982353,96,3,4
qp03xz,105,0.0276185811702591,0.4997321604398752,0.21823301696589278,96,3,4
qp03y0,50,0.0001224093926207,0.0227871996370871,0.0077036578919555,47,1,4
qp03y1,48,0.0001316734308877,0.0489194747327653,0.010155900134620248,47,1,4
qp03y2,90,0.0015632789735983,0.0880986218382127,0.035613236288909375,83,1,4
qp03y3,42,0.0001503877510602,0.0330670073054714,0.010571334596409172,40,1,4
qp03y4,11,0.0015158183954277,0.0126611749018271,0.005889390530928318,11,1,3
qp03y5,2,0.0027781241716006,0.0052573850339946,0.0040177546027976,2,1,1
qp03y6,79,0.0014947995030517,0.0800814372806001,0.0291880276637748,72,1,4
qp03y7,99,0.0004495590508919,0.1345708285511507,0.06017868579485116,90,1,4
qp03y8,105,0.0006249683984344,0.3095519666789319,0.11469920482614163,96,2,4
qp03y9,102,0.0007500242083487,0.1871423630431728,0.08789702897535993,93,1,4
qp03yb,105,0.0458594498460575,1.0,0.5445246839599573,96,3,4
qp03yc,105,0.0036670508434708,0.2677792571167916,0.11345231804303842,96,2,4
qp03yd,105,0.0025394129171457,0.2189538183782478,0.09610501243008454,96,1,4
qp03ye,101,0.0018712935579451,0.215160891988618,0.07034254217036007,92,1,4
qp03yf,91,0.0021996876529535,0.0945483450783927,0.02974450008346251,84,1,4
qp03yg,105,0.0216084505196153,0.4157379295550194,0.20194759905530735,96,3,4
qp03yk,84,0.0009689079192462,0.0724507617743356,0.02263475337932113,75,1,4
qp03ym,72,0.0007182765650191,0.0454470557334009,0.016856104660843068,66,1,4
qp03yn,1,0.0021991457358311,0.0021991457358311,0.0021991457358311,1,1,1
qp03yq,44,0.0002223688293064,0.0373531365957146,0.008908786770041102,41,1,4
qp03yr,2,0.0003926825483561,0.0021361839518753,0.0012644332501157,2,1,2
qp03ys,100,5.068971214925531e-06,0.240211051052553,0.10100532816155589,91,2,4
qp03yt,103,0.0053321082032141,0.1765530955096973,0.0658967400987965,94,1,4
qp03yu,97,0.0025238758495392,0.1342393174923898,0.051825088549225504,88,1,4
qp03yv,93,0.0009330172609833,0.109927933096164,0.04182720683214719,84,1,4
qp03yw,83,2.967152280047076e-05,0.0521572271674526,0.020876162659760417,74,1,4
qp03yx,92,0.0012423323856786,0.0869630659205177,0.03890862076450824,83,1,4
qp03yy,103,0.0062406955429069,0.12988115491711,0.06379242931948828,94,1,4
qp03yz,91,0.0001311343054554,0.1120147568185002,0.040219533034203586,82,1,4
qp03z0,105,0.0136866756411115,0.318418198690888,0.1469602695348729,96,2,4
qp03z1,77,0.0006763174039092,0.0718404838161107,0.025481201710607762,72,1,4
qp03z2,105,0.0337171163504321,1.0,0.3514705159117581,96,3,4
qp03z3,3,0.0008838935646702,0.0048327576227669,0.002609706455071,3,1,3
qp03z4,91,0.0004308922726848,0.1146796603166696,0.038002549001513196,82,1,4
qp03z5,56,0.0001632458534955,0.0618442303104859,0.013343271267371599,50,1,4
qp03z6,41,0.0001540942206311,0.0275541197867243,0.0074920090312763045,38,1,4
qp03z7,58,0.0005369921374771,0.0561698240682446,0.016437033023162705,51,1,4
qp03z8,105,0.0077296332040152,0.4309613549733872,0.1316112667750635,96,3,4
qp03z9,104,0.0022835118828694,0.2498938263872893,0.09151967348486446,95,2,4
qp03zb,105,0.0085893883152796,0.4825263712030571,0.19322850874885253,96,3,4
qp03zc,105,0.0120165492732637,0.3399004511574609,0.13892427423503048,96,2,4
qp03zd,98,0.0004984407897305,0.1164330531055721,0.03396545834150494,89,1,4
qp03ze,90,0.0003041705162481,0.1081793200169213,0.02733597635151822,82,1,4
qp03zf,105,0.0351531034539531,0.2815671105666825,0.15158126579634795,96,2,4
qp03zg,103,0.0019729536892237,0.1486260800774471,0.05660242819762633,94,1,4
qp03zh,90,9.93452314131178e-05,0.0929573464883224,0.033350179564657266,81,1,4
qp03zj,32,0.0002230358536049,0.0378008395498407,0.008427418989071856,32,1,4
qp03zk,78,0.000684601372588,0.0458972388586328,0.016574388409624257,71,1,4
qp03zm,51,0.0017511628143244,0.0305707557389393,0.01054553128935534,46,1,4
qp03zn,87,0.0013186667618695,0.0696686654213426,0.024970610241162334,78,1,4
qp03zp,62,0.0007991597965107,0.0376346308015575,0.012817203897666161,55,1,4
qp03zq,17,0.000442511420371,0.0171696783511823,0.005065575206574688,17,1,3
qp03zr,76,3.5088877074796776e-05,0.0475524926648497,0.015901684114929062,71,1,4
qp03zs,89,0.0005166072141042,0.062321819246996,0.023745026700244812,80,1,4
qp03zt,105,0.0676500083639729,0.4941187372887434,0.22935807131587246,96,3,4
qp03zu,103,0.0010762052347167,0.1188127173916205,0.04939730835439562,94,1,4
qp03zv,105,0.1190590886217399,0.9394662644129884,0.4668944611539678,96,3,4
qp03zw,79,0.000185229742716,0.0736022102493185,0.021775094901262653,73,1,4
qp03zy,2,0.0004313135990354,0.0005587391139889,0.00049502635651215,2,1,2
qp03zz,105,0.0077980445789468,0.6650065372621454,0.24293504837833968,96,3,4
qp06n8,48,0.0001025229530338,0.037241665631353,0.012253399292495163,44,1,4
qp06n9,61,0.0001168479757325,0.0348520609508379,0.010692167188312215,58,1,4
qp06nb,94,0.0017299593938515,0.0834038341920994,0.037803609148267366,85,1,4
qp06nc,80,0.0005455348870391,0.077404243697863,0.027137299124349663,71,1,4
qp06nd,59,1.6769313774407313e-05,0.0340863985837396,0.009118061184928992,54,1,4
qp06ne,67,9.980108547441285e-06,0.0497055949573387,0.012601379365383874,62,1,4
qp06nf,86,0.0004557017771043,0.0657576437018165,0.0225662115555118,77,1,4
qp06ng,34,8.606908964172191e-05,0.0293805314732839,0.008316566753745726,32,1,4
qp06ns,18,0.0001490496448667,0.0235496981921124,0.00525808701002235,18,1,3
qp06nt,18,0.0001418783398208,0.0238020460579558,0.00784564906407471,18,1,4
qp06nu,2,0.004016773390748,0.0153509985820645,0.00968388598640625,2,1,1
qp06nv,22,0.0007350313317158,0.0186231570551248,0.006011802945012959,22,1,4
qp06ny,21,0.0012660323412971,0.0198139748088472,0.007232786361323899,21,1,4
qp06p0,29,0.0008302002452448,0.0298686768813384,0.007918735395204317,28,1,4
qp06p1,63,0.0003683231028155,0.0454872460247321,0.013565214580775649,55,1,4
qp06p2,89,3.077064999849281e-05,0.0805029149037009,0.027108532043148063,81,1,4
qp06p3,60,8.978126602775728e-05,0.0365877937959268,0.012006743290663875,54,1,4
qp06p4,66,0.0003232799778613,0.0410793644496477,0.011471332790285104,63,1,4
qp06p5,87,0.0015795011199479,0.1906463383033585,0.08479731738610202,78,1,4
qp06p6,64,5.383697540947864e-06,0.0313055367705927,0.009804045821335167,60,1,4
qp06p7,86,0.000803047426527,0.0554572111719814,0.023155015707044223,77,1,4
qp06p8,18,0.0008811948642352,0.0176973949851713,0.004510648321496584,17,1,4
qp06p9,62,0.0002752563572626,0.0424238712146111,0.015608429546350255,56,1,4
qp06pb,105,0.0049980464384648,0.4214640606982187,0.12599811474456915,96,3,4
qp06pc,67,1.9859023789430574e-05,0.0267740033154901,0.010963303023327736,61,1,4
qp06pd,79,4.409823760954663e-06,0.0501950642420201,0.01655583699531478,71,1,4
qp06pe,97,0.0016581366508028,0.07879811657725,0.03962727381122149,88,1,4
qp06pf,92,0.000228144329941,0.0455894456614842,0.017808289806015527,84,1,4
qp06pg,46,8.272212039827487e-05,0.032101493089202,0.007393281862870952,44,1,4
qp06ph,98,0.0001417358803866,0.2570030884629875,0.06615448607758123,89,2,4
qp06pj,68,0.0003231319927799,0.0410207006498116,0.010933523554991156,62,1,4
qp06pk,90,0.0001265637415769,0.0638589711227593,0.020766688319928634,82,1,4
qp06pm,61,2.072314060127861e-05,0.0285234553429201,0.010769052693798555,55,1,4
qp06pn,22,0.0009049612872178,0.0078900145344331,0.003912327633762086,21,1,4
qp06pq,71,0.0005407919410668,0.0312259069171551,0.010636591688568712,64,1,4
qp06ps,67,0.000191938664911,0.0356745238967737,0.010133011635303056,62,1,4
qp06pt,54,4.714819052630946e-05,0.0204150070092714,0.006812846574000537,53,1,4
qp06pu,28,8.691555547341911e-05,0.0191325692991168,0.004254969220299548,27,1,4
qp06pv,62,5.696842695389658e-05,0.0367173224673543,0.009401372597255587,57,1,4
qp06pw,73,0.0003605816555252,0.0505117647904894,0.015080440878816898,66,1,4
qp06py,97,0.0002525428959174,0.1235850711051462,0.04231877198960411,88,1,4
qp08b1,7,0.0052380115281153,0.0702453576814021,0.026462862573353656,7,1,4
qp08b4,31,0.0024460946952457,0.0962123728591553,0.029406530452278066,30,1,4
qp08b5,7,0.0026804702244929,0.0179083653897575,0.008222563728781229,7,1,3
qp08b6,24,0.0004161007062713,0.125746230453562,0.03329036260335696,24,1,4
qp08b7,48,0.0002628765621645,0.1053826030296423,0.033332519549712496,45,1,4
qp08bd,36,4.243774659091154e-05,0.142437336942549,0.04384929340529658,36,1,4
qp08be,19,0.0004604005907063,0.0574524667962572,0.0246665343680337,19,1,4
qp08bg,31,0.0020934067086226,0.0746642277594678,0.028002325008575437,31,1,4
qp08bh,70,0.0012581443724032,0.3519237737932416,0.14265000624545665,64,3,4
qp08bj,67,0.0060272397528944,0.3323327674803008,0.1279311027637936,61,2,4
qp08bk,73,0.001005151089078,0.2730597297585096,0.11188963723849386,67,2,4
qp08bm,43,0.0014596679400147,0.1663417773695436,0.056715362619448574,41,1,4
qp08bn,2,0.0095455428326414,0.0123716776277608,0.010958610230201098,2,1,2
qp08bp,40,0.0003455864985183,0.1810036067337488,0.04180819296038162,39,1,4
qp08bq,48,0.0024469746851905,0.1128881652378017,0.043628056806365084,48,1,4
qp08br,58,0.0013056656210417,0.2565399047128719,0.06765360795324743,53,2,4
qp08bs,18,0.0013696540671341,0.060480570854637,0.01997148842349169,18,1,3
qp08bt,1,0.0007801681701324,0.0007801681701324,0.0007801681701324,1,1,1
qp08bu,18,0.0040038161341633,0.070971207920061,0.023832244146437965,18,1,4
qp08bv,14,0.0002734978661821,0.0502374334715902,0.024661735095161723,14,1,4
qp08bw,28,0.0004232918085091,0.1703778516877488,0.04023116809830031,28,1,4
qp08bx,21,0.0025618820102845,0.0802749141656547,0.02492705740447028,21,1,4
qp08by,72,0.0074444555457823,0.4287123879466125,0.13320667323064106,66,3,4
qp08bz,66,0.0014920623887245,0.3025244479747928,0.10819591952904693,64,2,4
qp08c5,16,0.0007963059984083,0.1302708629587342,0.02955618404720313,16,1,4
qp08cj,12,0.0001023604685298,0.0500545627722159,0.018630031683918965,12,1,4
qp08ck,37,0.0021290741535132,0.1660427476474433,0.04364857068339644,37,1,4
qp08cm,56,0.0017619448950891,0.2790739131789115,0.08704179882857066,54,2,4
qp08cn,56,0.0045395347506807,0.1661598575772378,0.05872734339104037,55,1,4
qp08cp,85,0.0032837687608653,0.355057993017432,0.14213197526829213,78,3,4
qp08cv,1,0.0025821521519607,0.0025821521519607,0.0025821521519607,1,1,1
qp08cy,18,0.0001734797117276,0.0240424946362131,0.012640584905613934,18,1,4
qp08fh,5,0.0004342052424156,0.0660914685284458,0.030046455468844203,5,1,4
qp08fj,3,0.0034389663859864,0.0141195051425556,0.009336104508840168,3,1,3
qp08fn,2,0.0011995012656221,0.0051225010470151,0.0031610011563186,2,1,2
qp08fp,3,0.0050938030319557,0.0081000644756362,0.006295350598906433,3,1,2
qp08fq,1,0.0029938976716226,0.0029938976716226,0.0029938976716226,1,1,1
qp08fr,9,7.907259399662316e-05,0.0413839602321526,0.01170685409176607,9,1,3
qp08fv,24,0.0020012741048543,0.0288815670080307,0.0133258039701822,23,1,4
qp08fw,10,0.0003958296620249,0.0121284370605341,0.0063472658616503695,9,1,3
qp08fx,25,0.0005320438122945,0.0217311764380318,0.008741207363972605,24,1,4
qp08fy,60,0.0009146840449413,0.0905412063904468,0.025224282163905164,54,1,4
qp08fz,30,4.683652696349093e-05,0.0328421334408866,0.007418065384729065,28,1,4
qp08g5,3,0.0026833162827286,0.0053636712280414,0.0036375191674822,3,1,3
qp08g6,3,0.0025987961864082,0.0104623495123568,0.0070053775382386,3,1,3
qp08g7,1,0.001853536094442,0.001853536094442,0.001853536094442,1,1,1
qp08gh,1,0.0047072564486455,0.0047072564486455,0.0047072564486455,1,1,1
qp08gj,10,0.0011030106503951,0.0196322951751273,0.00600403162584657,10,1,4
qp08gk,14,9.516008004590508e-05,0.0307194911242058,0.013888303990193815,14,1,3
qp08gm,61,0.0002854112634372,0.3402212792777551,0.03568025270990494,57,2,4
qp08gn,35,0.0001444277005461,0.0539236562581999,0.021466437970988447,35,1,4
qp08gp,41,0.0002539196655251,0.0662722207017192,0.01972360609279365,35,1,4
qp08gq,76,0.0010020345130475,0.1267388989421504,0.040296985710791045,69,1,4
qp08gr,72,0.0005780150522922,0.1190255045392138,0.05029812927574101,63,1,4
qp08gs,1,0.0065586377208782,0.0065586377208782,0.0065586377208782,1,1,1
qp08gt,42,0.0008564001165765,0.0375245901218902,0.014381003769756947,39,1,4
qp08gu,3,0.0008676409682349,0.0016827395236966,0.0013482263204758667,3,1,3
qp08gv,12,0.0027973817634149,0.0299132014511366,0.011387287797396709,12,1,4
qp08gw,58,0.0004047550875946,0.1082608476310341,0.03207011854730019,53,1,4
qp08gx,65,0.0002557726351785,0.088288194669652,0.038292931591478986,60,1,4
qp08gy,38,0.0003146001198564,0.0545466109294853,0.016699583001978296,36,1,4
qp08gz,78,0.0008445342224583,0.185222039085748,0.05867572627238133,71,1,4
qp08uj,2,0.0023205564862035,0.0169222090361163,0.0096213827611599,2,1,2
qp08un,37,0.000384149040035,0.0324763376094158,0.013605220055687211,36,1,4
qp08up,5,0.0013386768595749,0.0276914069107487,0.013135376531295578,5,1,2
qp0900,83,0.0019707753215904,0.8434691017524811,0.3092686481691771,76,3,4
qp0901,34,0.0032995166878533,0.0865164293694667,0.02949470843930883,33,1,4
qp0902,63,0.0016291746924105,0.2569971509249568,0.10631149139560704,62,2,4
qp0903,37,0.0003252828017516,0.1331613459701439,0.03402459561228788,36,1,4
qp0904,65,0.0049914779726974,0.3824434519199648,0.18529446705332425,64,3,4
qp0905,62,2.20809583593095e-05,0.2140416597097406,0.069279668593757,59,1,4
qp0906,10,0.0003362712692022,0.0732668811352177,0.02186501153740688,10,1,3
qp0907,71,0.0045988823978,0.7171464138749989,0.2531215311594491,65,3,4
qp0908,23,0.0001581530664716,0.0603087898582908,0.02102110286218795,22,1,4
qp0909,62,0.0016987798726869,0.2037479051193561,0.06528165385265693,60,1,4
qp090b,87,0.0039251473532719,0.6645846689021153,0.29366532563976405,79,3,4
qp090c,75,0.0005299206819988,0.4680231874888792,0.22213516461180982,67,3,4
qp090d,50,0.0007076134200664,0.1540232639532309,0.04971968714984267,45,1,4
qp090e,83,0.0017540152870051,0.6970000416146769,0.2694867605019601,74,3,4
qp090h,66,0.0064559369802924,0.2046894550466294,0.08255091052438789,59,1,4
qp090j,35,0.0022675919447996,0.0871876361467294,0.02449929642679328,35,1,4
qp090k,78,0.0019297637320185,0.431043592706017,0.1814537551888916,71,3,4
qp090m,77,0.0010573365432143,0.3818088168028329,0.13258660280616583,71,3,4
qp090n,82,0.0005693469454364,0.0415132689661532,0.015366836257183448,75,1,4
qp090p,77,0.0010748880438724,0.0386738402185076,0.017523374412791125,72,1,4
qp090q,87,0.0003983778155924,0.0656689456871203,0.021889189055715796,78,1,4
qp090r,96,0.0002359971465186,0.1201012701693607,0.04667242276240124,87,1,4
qp090s,80,0.0054897587037008,0.5863109762579061,0.250578096713207,72,3,4
qp090t,93,0.0013550284919471,0.7720083124465353,0.3352296928581264,84,3,4
qp090v,4,0.0015204649376181,0.0108177472807882,0.0065982071647329495,4,1,2
qp090w,97,0.0016796175132546,0.0805811351352381,0.036505422271891644,88,1,4
qp090x,92,0.000165452227983,0.1041854101728329,0.0401011914399692,83,1,4
qp090y,8,0.0003837308969661,0.0221156658032955,0.006967713542561275,8,1,3
qp090z,1,0.0093136173667011,0.0093136173667011,0.0093136173667011,1,1,1
qp0917,1,0.0017010097223995,0.0017010097223995,0.0017010097223995,1,1,1
qp091e,10,0.0004966210768858,0.0244035676378391,0.0093458705463197,10,1,3
qp091g,14,0.001021486904382,0.0107907988082471,0.004920733274057436,14,1,4
qp091k,6,0.0015925684208697,0.0212090445757461,0.010619410852965116,6,1,4
qp091m,28,0.0005587559502097,0.1456414548395812,0.05141775312043295,28,1,4
qp091q,21,0.0013678335708416,0.0566695299025346,0.020683235955626524,21,1,4
qp091r,15,0.0006529785570127,0.0341549940952222,0.008768428025300033,15,1,4
qp091s,5,0.0013584877344426,0.0108345387008111,0.00600494119058328,5,1,3
qp091t,75,6.716111859721694e-05,0.2765478733494571,0.07735402927572024,68,2,4
qp091u,34,0.0029509376777081,0.051875757247193,0.016625221013254744,30,1,4
qp091v,42,0.0010849674227596,0.0462339766488311,0.018658576360336444,36,1,4
qp091w,58,0.000831678760697,0.0570283397353977,0.021928622650993112,55,1,4
qp091x,14,8.162158392233404e-05,0.0325075181472072,0.010963821477962682,14,1,3
qp091y,93,0.0004250213255695,0.1625520476017845,0.05595922172920956,84,1,4
qp091z,93,0.0020530879085256,0.3653797345661694,0.10386790859006692,84,3,4
qp0920,98,3.977352696469783e-05,0.1255484421938421,0.06572061409966586,89,1,4
qp0921,104,6.245650130093708e-07,0.1481137987145958,0.06984300168598026,95,1,4
qp0922,74,2.243730602771988e-05,0.0457914359131902,0.01581206077688363,68,1,4
qp0923,61,5.062047873668338e-05,0.049763626174766,0.011406236048649604,58,1,4
qp0924,102,0.0005787214351211,0.1472240789420534,0.05606336221108114,93,1,4
qp0925,104,0.0092212845573646,0.2705614448710545,0.16486724233343772,95,2,4
qp0926,102,0.0007069422361958,0.1282254604584743,0.06757764608218747,93,1,4
qp0927,105,0.0178382339176269,0.3797564443161449,0.18624119730760444,96,3,4
qp0928,96,0.0037812646089123,0.089393561241209,0.03453082405132746,87,1,4
qp0929,94,0.0008553486884807,0.095482332522047,0.04595297624287026,85,1,4
qp092d,99,0.0011810661714459,0.0844703734164853,0.04553776031939159,90,1,4
qp092e,103,0.0006126139962511,0.1175072069822395,0.05447449241360396,94,1,4
qp092h,105,0.0080657614887944,0.27923628338759,0.13773577112554952,96,2,4
qp092j,105,0.0254808589968421,0.4210018040021456,0.16460830989890043,96,3,4
qp092k,105,0.0140350746693087,0.3570434457889179,0.16134768863781646,96,3,4
qp092m,105,0.0298350451235527,0.3370800553095087,0.1881731719314274,96,2,4
qp092n,105,0.0134432504871912,0.3897969204463804,0.17147783435251426,96,3,4
qp092p,97,0.0004170512973861,0.1479131330238996,0.06985068901968636,88,1,4
qp092q,105,0.0129864522110968,0.3336468384107681,0.1955277865318086,96,2,4
qp092r,105,0.0020271462875401,0.2432112992635593,0.10297983292602823,96,2,4
qp092s,104,6.375881960043927e-05,0.1046680682912781,0.047152177367892824,95,1,4
qp092t,100,0.0020520504811968,0.1568042365056222,0.06573438486451734,91,1,4
qp092w,102,0.0002587794866944,0.4429540052438837,0.16585501379441875,93,3,4
qp092x,99,0.0008506958329586,0.1679323994733192,0.08341911184042074,90,1,4
qp092z,1,0.0130479602919618,0.0130479602919618,0.0130479602919618,1,1,1
qp0930,12,0.0002204823038192,0.0231792571517366,0.006902668660413217,11,1,4
qp0931,1,0.0050916078843259,0.0050916078843259,0.0050916078843259,1,1,1
qp0932,48,0.0014602904615049,0.0574869489715881,0.022891636235225197,45,1,4
qp0933,22,0.0006670529015763,0.0300756334025149,0.009181209789346582,22,1,4
qp0934,3,0.0018251018706248,0.0137197303556189,0.006177647104126933,3,1,3
qp0936,32,0.0003103145637318,0.0304767870508085,0.00999156944660553,31,1,4
qp0937,3,0.0009264942932431,0.0089631630357574,0.005218343654433434,3,1,1
qp0938,5,0.0044336817286975,0.0112497793741088,0.008465154316478759,5,1,3
qp093b,85,0.0007517296005757,0.1903276590281519,0.06782371975208927,77,1,4
qp093c,73,0.0029789333977102,0.0818522301943902,0.036669197451480125,69,1,4
qp093d,13,0.0011050603016711,0.0288960816898904,0.0092364364668778,13,1,4
qp093e,42,7.746177486017949e-05,0.0847683304788315,0.019439425407221985,41,1,4
qp093f,16,0.0013365438908293,0.0219723682062557,0.008961210066840494,15,1,4
qp093g,83,0.0007436429418489,0.112264151825052,0.041580394344250454,76,1,4
qp093h,1,0.0008153758160185,0.0008153758160185,0.0008153758160185,1,1,1
qp093j,4,0.0029428055558819,0.0120131683883315,0.0080869213493703,4,1,2
qp093k,1,0.0074951036263589,0.0074951036263589,0.0074951036263589,1,1,1
qp093m,6,0.000722456134843,0.007685845368239,0.0031779057143256997,5,1,4
qp093n,3,0.0032892531574267,0.0131195148598692,0.007211928978201867,3,1,2
qp093p,61,0.0009401615448804,0.0640566572198842,0.024686043367039744,54,1,4
qp093q,57,0.0001574422836332,0.0733440997180007,0.024893619403910272,51,1,4
qp093r,85,0.0008414895811735,0.2404605386725946,0.08683274215296326,76,2,4
qp093s,26,4.908781569015697e-05,0.0227568046772554,0.009184554331335018,25,1,3
qp093t,44,0.0008698444494679,0.0528416364231965,0.01861551713524164,42,1,4
qp093u,94,0.0010191549146579,0.1114615419131757,0.04323827120762178,86,1,4
qp093v,83,0.0010872753161262,0.1240942632375953,0.04227236911444926,75,1,4
qp093w,101,0.0021478423702007,0.3185169748868968,0.13015708995441214,92,2,4
qp093x,103,0.0044324777544543,0.3093767700388823,0.1427434002700311,94,2,4
qp093y,99,0.0001009947313731,0.1858968455551566,0.07833529218362083,90,1,4
qp093z,36,0.0004993894342194,0.0502162884728444,0.017594177411060775,35,1,4
qp0941,71,0.0022765918687564,0.094626871957583,0.041259125878916836,67,1,4
qp0942,2,0.003963918075767,0.0110829701370349,0.0075234441064009495,2,1,2
qp0943,3,0.0010033773647916,0.0131618184457017,0.005783218916723333,3,1,3
qp0944,77,0.0011869465288351,0.0964759576596299,0.03532923196404172,68,1,4
qp0945,97,0.0010267646561786,0.1702623364238299,0.06470991397375483,88,1,4
qp0946,38,0.000870868395422,0.0590159949472373,0.022015071202898046,38,1,4
qp0947,76,0.000199316770794,0.1574976376086425,0.046900190440844904,70,1,4
qp0948,34,0.0004983383853748,0.0453779242916906,0.016812286049270167,34,1,4
qp0949,66,0.0003500011701691,0.0747396119535171,0.02789364383806749,62,1,4
qp094b,85,0.0007648433694784,0.1462121371857477,0.05269366413119005,78,1,4
qp094c,77,0.000731722717811,0.1407421133641229,0.050069225498510145,68,1,4
qp094d,33,0.0007575095583429,0.0399371626159626,0.014055507117066818,31,1,4
qp094e,23,0.0013172936937774,0.0272414214687352,0.013145890815287487,23,1,4
qp094f,3,0.0089168390794752,0.0130699722743263,0.010389441644352399,3,1,2
qp094g,34,0.0009962875120279,0.0450492106995598,0.017692037908373485,32,1,4
qp094h,45,0.0004779133928952,0.1443124045855001,0.020004895274308373,44,1,4
qp094j,61,0.0005066283360575,0.0650272269137047,0.020568310481028234,55,1,4
qp094k,72,0.0009192056934745,0.10665441289204,0.04013853541373772,67,1,4
qp094m,87,9.121681352787013e-06,0.0995402448763311,0.03700732510161179,81,1,4
qp094n,94,0.0039468159648033,0.6577723404796336,0.2173986293971919,85,3,4
qp094p,83,0.0004720863037918,0.1047659739484203,0.04085415456817124,74,1,4
qp094q,105,0.0239362556405334,0.5165794910505374,0.18307272279922512,96,3,4
qp094r,105,0.0031494909958404,1.0,0.35620587654577174,96,3,4
qp094s,25,0.0005102274449548,0.0311199457804139,0.010388271846504744,25,1,4
qp094t,83,0.0001810803156423,0.1391087464153732,0.051081739610250344,78,1,4
qp094u,17,0.000218016452643,0.0249778699373841,0.00849519555610087,17,1,4
qp094v,33,0.0003520335607667,0.0435949478048775,0.0093416767516824,33,1,4
qp094w,71,0.0007382857756077,0.0914851781637889,0.039017781407451886,64,1,4
qp094x,94,0.0018209326313924,0.2074841557832069,0.08884654513082535,85,1,4
qp094y,80,0.001764031345557,0.0883534753645523,0.03419461117685861,71,1,4
qp094z,57,0.0001919711318121,0.0661357015736458,0.02033802087546535,53,1,4
qp0950,78,0.0019804053295668,0.8302325696573549,0.27420314361677306,69,3,4
qp0951,67,0.000597354511537,0.1734803004900889,0.0547454395761676,61,1,4
qp0952,69,0.0016728942733226,0.1577398043280941,0.04744602053713666,61,1,4
qp0953,82,0.0014433727231833,0.2105971861007291,0.06804127575141082,74,1,4
qp0954,4,0.0007517379968432,0.0318322984031319,0.012208877610563775,4,1,2
qp0956,2,0.0015136537978125,0.0038200728458992,0.00266686332185585,2,1,1
qp0957,41,5.977216796168932e-05,0.0612462333564598,0.021121042907441122,41,1,4
qp0958,74,0.0003240377856167,0.119929227519892,0.04493617664794249,66,1,4
qp0959,59,0.0011069503712588,0.0843160637428691,0.028363302738601985,55,1,4
qp095b,82,0.0005550185257206,0.0909845547029944,0.03057285612291644,76,1,4
qp095c,72,0.0022096576150468,0.113438811251607,0.03566717344289961,64,1,4
qp095d,25,0.0002826011448181,0.0365415819136824,0.014744128978829003,22,1,4
qp095e,52,0.0013467101206196,0.0647199423781016,0.01581181500381593,47,1,4
qp095f,6,0.0008241307056541,0.0088972132019701,0.004464008445095767,6,1,4
qp095g,4,0.0020437193997271,0.0127353542735784,0.006102241876481225,4,1,3
qp095h,2,0.0014389600446804,0.0138548842312349,0.00764692213795765,2,1,2
qp095j,38,0.0009299068794105,0.0363576965827904,0.0170330370484688,33,1,4
qp095k,63,0.0022142519181851,0.0797565581192709,0.027424542567016104,57,1,4
qp095m,67,0.0001592391696601,0.0841331515803407,0.025311784799106903,60,1,4
qp095n,69,1.990684155591693e-05,0.0985037907862259,0.0326656935216493,60,1,4
qp095p,17,0.0016001614485421,0.0397069044408058,0.012362486427930135,17,1,4
qp095q,88,0.0041946858487081,0.171711213655621,0.08471903826943647,79,1,4
qp095r,92,0.0024973898514147,0.1740726865360532,0.09243969694717682,83,1,4
qp095s,57,0.0003737969209918,0.0821525247734795,0.022891604723427775,50,1,4
qp095t,53,2.2839587028267456e-05,0.0503246691851113,0.011649260165998637,49,1,4
qp095u,69,0.0004248766247419,0.1195851645299399,0.029926856313123775,67,1,4
qp095v,96,0.0023894715238709,0.232127201072144,0.09394547954920189,87,2,4
qp095w,78,0.0003177161396757,0.1482020737992505,0.05880420769649892,69,1,4
qp095x,84,0.0017556731525974,0.1251557915478726,0.04568226397230819,75,1,4
qp095y,52,0.0006993996511154,0.0452584667793679,0.015043737516745712,47,1,4
qp095z,71,0.0045785920480123,0.1123421839270488,0.0440382524884383,64,1,4
qp0960,76,0.000853159106507,0.1389263243247915,0.04771529164798896,70,1,4
qp0961,92,0.0048360009334468,0.1587968096576029,0.06932731789657323,83,1,4
qp0962,88,0.0016400201578671,0.1909816892031687,0.09819795889708445,79,1,4
qp0963,68,0.000842406715518,0.0892500868539278,0.029097289137791225,62,1,4
qp0968,71,0.000765797634593,0.1074088060373573,0.03631732981883386,63,1,4
qp0969,69,0.0004077829435231,0.0500546982343888,0.020427321831969488,61,1,4
qp096b,88,0.002234342792154,0.2060917001882138,0.08541376938301924,79,1,4
qp096c,80,0.0013388864235587,0.1229054073018216,0.04304035123457117,73,1,4
qp096d,58,0.0012729597215199,0.057864502250185,0.019090446021343074,53,1,4
qp096e,58,0.0003550492422566,0.1789781505320476,0.04312126222516268,58,1,4
qp096f,101,0.000209904947925,0.4448790448347688,0.18572396427221108,92,3,4
qp096g,87,0.0097962144331232,0.1658565145645676,0.08114815987195323,78,1,4
qp096h,72,0.0001944326662752,0.0825631846876533,0.02080925950304613,65,1,4
qp096j,82,0.0027467676675557,0.1673332540298379,0.0769538955207945,73,1,4
qp096k,21,0.0016440688095141,0.0231308495098598,0.008995251664127795,21,1,4
qp096m,95,0.0011683551212476,0.1121410017476889,0.04579326137281101,86,1,4
qp096n,88,0.0033081098948432,0.2594761255659896,0.09693344650289061,79,2,4
qp096p,79,0.0006533901991651,0.1554752601857151,0.04776289961104204,70,1,4
qp096q,105,0.0995253455498572,1.0,0.6000396445803963,96,3,4
qp096r,105,0.0866660317477519,1.0,0.6504681898637132,96,3,4
qp096s,77,0.0038625772442465,0.1371739495079825,0.05454514134014276,68,1,4
qp096t,99,0.0051561461840508,0.3620152976304058,0.18789428819340262,90,3,4
qp096u,105,0.0185346169442548,0.6210799759928525,0.3543844265165872,96,3,4
qp096v,105,0.022400479295041,1.0,0.6037231477235571,96,3,4
qp096w,105,0.0009139777555733,0.4809882911667737,0.24760844233325602,96,3,4
qp096x,105,0.1243063379746287,1.0,0.6656302190113994,96,3,4
qp096y,105,0.0045360867500435,0.5329927199850871,0.23995438048290757,96,3,4
qp096z,105,0.0424170233282241,0.8833146903125336,0.3682153064314911,96,3,4
qp0970,75,0.0022732112611058,0.0861395417710621,0.034024209989923886,66,1,4
qp0971,64,0.0011544771118,0.1304071761012002,0.03347203810054061,60,1,4
qp0972,75,0.0029313989221357,0.1021519591937348,0.04809981404732228,66,1,4
qp0973,38,0.0001824661048049,0.0418945413108501,0.012456545488405675,36,1,4
qp0974,83,0.0007067162196233,0.1316338482808436,0.05572844570484011,74,1,4
qp0975,99,5.804770742954357e-06,0.2254802396296487,0.12203563911356427,90,2,4
qp0976,91,0.000722791556613,0.1569356664059671,0.06583656054436944,82,1,4
qp0977,77,0.0020621873898071,0.0949451237660459,0.03564187546168974,69,1,4
qp0978,62,0.0003741847666537,0.096449130122938,0.03019883451478924,56,1,4
qp0979,77,0.0015923810871852,0.1087211063298034,0.04576137180400266,69,1,4
qp097b,55,0.0007447098164878,0.0543231441571111,0.017029772189034086,49,1,4
qp097c,84,0.0024016931037623,0.1779710583284669,0.0673695571048237,75,1,4
qp097d,79,0.00030998695372,0.143187007119114,0.04885306030655533,70,1,4
qp097e,105,0.0329078805761303,0.2983378100045116,0.14022588855258508,96,2,4
qp097f,84,0.0001965463692065,0.1702223974720337,0.06397103405087187,75,1,4
qp097g,82,0.0025207893801819,0.1655604132698392,0.06937198077314621,73,1,4
qp097h,71,0.0003055454696779,0.1208005625939141,0.03241659144492166,63,1,4
qp097j,4,0.002976166416193,0.0107954476358626,0.007326829433606874,4,1,4
qp097k,98,0.005822256506975,0.7818431165601054,0.13631945459136596,94,3,4
qp097m,4,0.0006306982925038,0.0143233146479527,0.004984356313684375,4,1,3
qp097n,1,0.0057447979972763,0.0057447979972763,0.0057447979972763,1,1,1
qp097p,2,0.0003596046666257,0.0018222806770244,0.00109094267182505,2,1,2
qp097q,6,0.0012948393084431,0.0116867346183791,0.005835887699661316,6,1,3
qp097r,1,0.0053517072271663,0.0053517072271663,0.0053517072271663,1,1,1
qp097s,105,0.0548089386347677,0.4692029984862541,0.24269136354033533,96,3,4
qp097t,80,6.514997565667447e-06,0.1199511345363645,0.037860385405774744,71,1,4
qp097u,95,0.0022269963959147,0.3116959775025021,0.1366389015636577,86,2,4
qp097v,103,0.0031609298722078,0.4376313659540585,0.2059347402539571,94,3,4
qp097w,69,2.4802583133528963e-05,0.0625629781225917,0.022148391073764838,61,1,4
qp097x,8,0.0016082311011624,0.010452632075713,0.005568009137806187,7,1,4
qp097y,105,0.0015606579841312,0.2472723249615842,0.11497097407571666,96,2,4
qp097z,67,0.0001737264471765,0.0814347367727294,0.023609364051778887,60,1,4
qp0980,86,0.0001308304066975,0.1002626634589367,0.04099172483241781,79,1,4
qp0981,99,0.0037774414548142,0.1997482720682851,0.08679801741606033,90,1,4
qp0982,99,0.0026090264619717,0.2771432012236988,0.10982568626933072,90,2,4
qp0983,87,0.0005374842300798,0.0981579987467575,0.03593254000892177,78,1,4
qp0984,94,0.0014531753037701,0.1620350702480441,0.05721500148882608,85,1,4
qp0985,105,0.0026736363219939,0.267900774761887,0.11796372156776319,96,2,4
qp0986,103,0.0006864619991376,0.2753028738682807,0.10269398735332033,94,2,4
qp0987,105,0.0581505780381209,0.8680563311832736,0.34611510462890677,96,3,4
qp0988,87,0.000700378743589,0.1643746433835776,0.06822490458857702,78,1,4
qp0989,83,0.0003740939290037,0.0779476503052616,0.028758222901842788,76,1,4
qp098b,2,0.0053714812514897,0.007682836597865,0.00652715892467735,2,1,2
qp098c,58,0.0002558841927044,0.0800510388403376,0.02122358621043851,51,1,4
qp098d,98,4.585962220035451e-05,0.3066968240395456,0.08060013589898779,89,2,4
qp098e,105,0.0012578010216426,0.1644579618946634,0.048910032121001486,96,1,4
qp098f,58,0.0051525281683086,0.0744108285849414,0.031121583278914084,54,1,4
qp098g,66,0.0006227449470111,0.0881611429507606,0.025208485362080632,61,1,4
qp098h,105,0.0002591710420792,0.2601538581312438,0.1121889732502464,96,2,4
qp098j,105,0.0576394890157646,0.7837442579499134,0.3471681130688453,96,3,4
qp098k,105,0.0665679797297104,0.2996664330153509,0.19142051757668155,96,2,4
qp098m,105,0.0002699666619423,0.1419773263760132,0.07310383700146389,96,1,4
qp098n,105,0.0249547266912855,0.5666922854096222,0.2121481576109064,96,3,4
qp098p,105,0.0461596291427759,0.7809480705610515,0.2834022665241438,96,3,4
qp098q,105,0.0019244097884488,0.1984881229647564,0.08814553719728471,96,1,4
qp098r,104,0.0013849633943426,0.4864350016756109,0.11212638955915234,95,3,4
qp098u,46,7.444194043232047e-05,0.0540028529693072,0.013120428956273824,42,1,4
qp098v,2,0.0022545708991263,0.010749739089143,0.00650215499413465,2,1,1
qp0990,58,0.0004554268090752,0.0588100708292793,0.02259167999802701,52,1,4
qp0991,90,0.0008328789735818,0.2802053410252378,0.10851600863876817,81,2,4
qp0992,88,0.0009260866535899,0.2175986657594836,0.09949492311913534,79,1,4
qp0993,94,0.0032277441359128,0.2308303671066914,0.11044756360610641,85,2,4
qp0994,89,0.0013693162095942,0.1569887202434033,0.07659889843600644,80,1,4
qp0995,74,0.0003424784304492,0.0853643536513655,0.031499001650601446,67,1,4
qp0996,99,0.0013592441084695,0.1549524251294905,0.08328829415325877,90,1,4
qp0997,73,0.0013612315530686,0.070209211833568,0.02877852699609918,65,1,4
qp0998,90,0.0034549211127744,0.1782588580594217,0.08379085148271134,81,1,4
qp0999,87,0.000309685930533,0.1815510264300142,0.05396429553427907,78,1,4
qp099b,87,0.0001482384504279,0.1772424502257217,0.07869466215444143,78,1,4
qp099c,81,0.004369687300407,0.2286656977312534,0.08585918844337832,72,2,4
qp099d,95,0.0002732801163611,0.1696355313859651,0.08434944867853937,86,1,4
qp099e,105,0.0005807375301541,0.2256758015132119,0.11126049675130313,96,2,4
qp099f,72,0.0012133591871858,0.105412420797721,0.039206062703204786,65,1,4
qp099g,99,0.0019917424693328,0.312755764123437,0.13212219977714634,90,2,4
qp099h,55,0.0005646105787093,0.0773123542142239,0.023362816803213338,51,1,4
qp099j,55,5.233869610237976e-05,0.0716423321316878,0.01799559439075051,50,1,4
qp099k,99,0.0022735893173442,0.2152697762106992,0.12051171558959113,90,1,4
qp099m,85,0.0013358800569462,0.1410892531960969,0.05954470287467427,76,1,4
qp099n,15,0.0002833217444664,0.0152056479079291,0.005677930645612047,14,1,4
qp099p,3,0.0052741549864356,0.0112146985189402,0.007392242538819667,3,1,2
qp099q,77,0.0025981953633738,0.0832500290657524,0.039136956378671414,68,1,4
qp099r,74,0.0009145655751405,0.0992909892792074,0.03332481667489093,66,1,4
qp099s,98,7.871068503590425e-05,0.150867514413048,0.061145724094473525,89,1,4
qp099t,82,0.0018915025696535,0.1332223485120164,0.06146751784312003,73,1,4
qp099u,79,0.0003850382737453,0.0961170497676876,0.04276707013747304,73,1,4
qp099v,103,0.0126455490092478,0.1972789989635709,0.10251271764779742,94,1,4
qp099w,62,0.0005550686850186,0.0711190276926744,0.01925332750846919,55,1,4
qp099x,61,0.0005516490074955,0.0783415894678877,0.028862588768440937,54,1,4
qp099y,83,0.0035137662545852,0.1000110050021919,0.04354738416491885,74,1,4
qp099z,71,0.0008132954224933,0.0816745113867084,0.029833924693253983,62,1,4
qp09b0,105,0.0019903411507042,0.2332991981546861,0.12236031882299206,96,2,4
qp09b1,100,2.237334735700596e-05,0.1238058851160578,0.05595454086136039,91,1,4
qp09b2,104,0.0023533531764293,0.2588603959068722,0.06952856854888972,96,2,4
qp09b3,105,0.0046291017134496,0.2214136691818696,0.0783172810280473,96,2,4
qp09b4,105,0.0426916994501814,0.3698820102821284,0.21539466067961982,96,3,4
qp09b5,101,0.005680809409357,0.1695357393843697,0.07522076970025857,92,1,4
qp09b6,105,0.0339415788510995,0.9967582583775698,0.3439517402557232,96,3,4
qp09b7,105,0.0314455384529992,0.526195402455834,0.22908502201497755,96,3,4
qp09bd,81,0.0016966336558017,0.3291901860797921,0.09187883039275316,78,2,4
qp09be,96,0.0001107838631296,0.3814271238209458,0.09310836291759768,88,3,4
qp09bh,105,0.0508122333466693,0.4753781872096843,0.22146526189227225,96,3,4
qp09bj,105,0.0057909003462285,0.294259618148806,0.093202969613078,96,2,4
qp09bk,99,0.003421500622619,0.0824061612410854,0.026149955502144502,91,1,4
qp09bm,103,0.0047480189171074,0.316062442774188,0.07619523972153204,96,2,4
qp09bn,100,0.0004684039427925,0.1213464514366145,0.04510175273547541,91,1,4
qp09bp,84,6.707608569160371e-05,0.0671719014462674,0.023196823588573983,76,1,4
qp09bq,104,0.0004775839972929,0.1611391553980114,0.047977797223264035,95,1,4
qp09br,8,0.0012260449217128,0.010448585263714,0.0055729387460765,8,1,4
qp09bt,62,8.283736069091436e-05,0.0457241528537823,0.013027947263695938,62,1,4
qp09bv,1,0.0009223410783165,0.0009223410783165,0.0009223410783165,1,1,1
qp09bw,70,0.0002937562284209,0.1254092076829747,0.023173962090505207,67,1,4
qp09bx,14,0.0002794831592666,0.0088085848858703,0.0033848464968189575,14,1,4
qp09bz,9,0.0017731080216922,0.0141366957150586,0.0097188529172845,8,1,3
qp09c2,2,0.0034039358148662,0.0079754497959213,0.00568969280539375,2,1,1
qp09c6,25,0.000778167561538,0.0497558090598345,0.010766130953900877,24,1,4
qp09c7,38,0.0003386100760791,0.0511150333780699,0.01232750811631309,38,1,4
qp09c8,61,0.0006863888221837,0.2258162365187915,0.03824525356144368,58,2,4
qp09c9,65,4.217865981192527e-05,0.0773109120577369,0.026134372540897927,57,1,4
qp09cb,24,0.0006863242717784,0.0314726719686042,0.012558261862978115,24,1,4
qp09cc,90,0.0080822442111418,0.1620602652876779,0.07382569447170595,81,1,4
qp09cd,23,0.0004956843971254,0.0413648759431422,0.012577668569787061,21,1,4
qp09ce,29,0.0002095946705948,0.0349393120674399,0.01000791652013979,26,1,4
qp09cf,42,8.686486138558459e-05,0.0476175625971782,0.01738391943171862,34,1,4
qp09cg,99,0.0022010378642776,0.2365293575562938,0.10892485189513383,90,2,4
qp09ch,1,0.0050571761135617,0.0050571761135617,0.0050571761135617,1,1,1
qp09cj,94,0.0007451926524385,0.1758305986150546,0.06957948232620735,85,1,4
qp09ck,2,0.0028966351971952,0.0045611175707042,0.0037288763839497,2,1,2
qp09cm,78,0.0006880757788871,0.1208584775052767,0.041709493811849026,72,1,4
qp09cn,38,0.0004433419438112,0.0727117859285708,0.018171927482106515,38,1,4
qp09cp,9,0.0003826994219639,0.0193984531403239,0.007191900327688811,9,1,4
qp09cq,87,0.000603708686129,0.1388848520864087,0.047581554118550785,79,1,4
qp09cr,23,0.0004051968432842,0.0156680539811524,0.006083413320855131,22,1,4
qp09cs,5,0.003057113305401,0.0263206300056554,0.01142863910103982,5,1,2
qp09ct,73,0.0014518534638658,0.1255414409823342,0.03812608500891732,68,1,4
qp09cu,68,2.976159701972848e-05,0.0879956680957488,0.01838500048476261,63,1,4
qp09cv,101,0.0005799368042124,0.1784796216677575,0.07140674022956355,92,1,4
qp09cw,51,4.875100321000504e-05,0.0553436166969626,0.012637020188781512,48,1,4
qp09cx,28,0.0002550003527311,0.0372261169213187,0.015608272769036638,28,1,4
qp09cy,56,0.0004679433339967,0.0554875476864648,0.01630662201985283,55,1,4
qp09cz,1,0.0025985370867426,0.0025985370867426,0.0025985370867426,1,1,1
qp09d1,57,0.0004682496465899,0.0713965559843309,0.022385049111436312,55,1,4
qp09d2,105,0.0654228256329069,1.0,0.6647218090306128,96,3,4
qp09d3,105,0.110818530489383,1.0,0.6434979602334918,96,3,4
qp09d4,72,0.000362017380064,0.1259827615294226,0.02119957870615706,67,1,4
qp09d5,82,0.0067136803918596,0.2772257580542576,0.11143130628061892,74,2,4
qp09d6,105,0.0986173994043211,0.4670025704789539,0.26468188653954755,96,3,4
qp09d7,105,0.0321585634452922,0.4988232328817143,0.2620261345192773,96,3,4
qp09d8,105,0.1678700797833579,1.0,0.6693183632537806,96,3,4
qp09d9,105,0.6519080513267995,1.0,0.9607147732545633,96,1,4
qp09db,105,0.0153759745850241,0.7775160816501072,0.37366351029417394,96,3,4
qp09dc,105,0.0338434457650516,1.0,0.6614621091118046,96,3,4
qp09dd,105,0.0239444807890739,0.4482358693456411,0.22739415778756494,96,3,4
qp09de,105,0.001862831938005,0.3421842452860737,0.18172882492216125,96,2,4
qp09df,102,0.0006053242967011,0.2617167488085067,0.12347878122663637,93,2,4
qp09dg,94,0.0019522119142076,0.3093954717270183,0.12188075714264113,85,2,4
qp09dh,99,0.004184056461842,0.7858394693246031,0.2386194319034366,90,3,4
qp09dj,101,0.0007907104357799,0.3327708368480887,0.16198365274832113,92,2,4
qp09dk,105,0.0261758462046112,0.3171162228683071,0.17702578032045505,96,2,4
qp09dm,100,0.0043887344523384,0.1670593612033976,0.0526808089205618,91,1,4
qp09dn,89,0.0004795394082973,0.1825482851997185,0.08774409113523751,80,1,4
qp09dp,85,0.0007620258585693,0.107188637918812,0.04008260104641222,76,1,4
qp09dq,45,0.0007923769393556,0.0517206615948886,0.014740275704185579,41,1,4
qp09dr,88,0.001430441335602,0.1133548004467775,0.03745868856576781,80,1,4
qp09ds,81,0.000107777706787,0.1055893783481522,0.046126677048301264,72,1,4
qp09dt,54,0.0006783431257477,0.0697155234493905,0.02400337149781793,52,1,4
qp09du,7,0.0027020969536997,0.0394816925374613,0.0135798348502966,7,1,3
qp09dv,6,0.0004286839207167,0.006037668204997,0.00386772386505185,6,1,2
qp09dw,8,0.0010568519830904,0.0167171767154788,0.008687514996414012,8,1,3
qp09dx,23,0.0013873503547483,0.0457990492847744,0.01565508697916366,23,1,3
qp09e0,7,3.591487621644894e-05,0.0188814872507635,0.008911215955963007,7,1,4
qp09e1,46,0.0001703810222029,0.2783148734482176,0.0976584635739501,46,2,4
qp09e2,47,0.000120825646741,0.0588313272012551,0.014545611319401882,42,1,4
qp09e3,69,0.0016034551747324,0.1786831871446235,0.04170579663445454,65,1,4
qp09e4,82,0.000793570680264,0.1302371052708876,0.06213483981707597,78,1,4
qp09e5,105,0.2826718973407129,1.0,0.864988906975942,96,2,4
qp09e6,46,0.0005856816588321,0.0623297964263192,0.02449817692821459,38,1,4
qp09e7,105,0.0094227918084014,0.262743239000498,0.10586448764458488,96,2,4
qp09e8,75,0.0007257446177556,0.2070564196889254,0.050905343282447266,67,1,4
qp09e9,92,0.000382430400443,0.2776081079201844,0.10510728637346889,83,2,4
qp09eb,67,0.000327303717,0.1014612902588555,0.023600606051277846,62,1,4
qp09ec,15,0.0006399565424634,0.0393631917798448,0.013172810397130941,12,1,3
qp09ed,87,0.0028119148699562,0.2693825330703082,0.08633290944456833,78,2,4
qp09ee,52,0.0001284723814433,0.0563874231919552,0.017092160622450427,47,1,4
qp09ef,5,0.0063362288291769,0.0214561624374631,0.01107087851653034,5,1,2
qp09eh,105,0.0034007806327062,0.7256485597681323,0.3238561908185509,96,3,4
qp09ej,82,6.460946917800059e-05,0.1506751589075429,0.05280380694756573,73,1,4
qp09ek,104,0.0013334721014145,0.4154297776193932,0.1759771095705577,95,3,4
qp09em,90,0.0010357721191823,0.2582212665378789,0.1056687313447238,81,2,4
qp09en,71,0.0002413606995123,0.0592187548918332,0.02773598706276242,64,1,4
qp09ep,79,0.0001415145073655,0.0856242820225196,0.029802280782725406,71,1,4
qp09eq,104,0.0089583731357709,1.0,0.5700858609409176,95,3,4
qp09er,78,1.3910259744106632e-05,0.1210300400297902,0.05367089101493668,69,1,4
qp09es,15,0.0007655012366536,0.0124130193109309,0.004866510745845427,14,1,4
qp09et,43,0.0014998562979649,0.0461003751755549,0.017147935112101317,42,1,4
qp09eu,9,0.0027604330272535,0.0091477395840549,0.005738090060504223,9,1,4
qp09ev,5,0.0008656826261197,0.0040175549091789,0.0022846274178573802,5,1,3
qp09ew,79,0.0021501432150291,0.1182227428034837,0.04173121204345682,70,1,4
qp09ex,102,0.004962018448498,0.5590894572115419,0.2663950567519442,93,3,4
qp09ey,44,0.0016955663724514,0.05266919602887,0.01672955916321526,42,1,4
qp09ez,85,0.0006822582426187,0.1805453372267582,0.07400473386092224,76,1,4
qp09f0,51,0.000125935206049,0.0677014767962103,0.021188459427441325,50,1,4
qp09f1,86,0.001796890933642,0.1351207798734813,0.06343512662823962,77,1,4
qp09f2,14,0.0009819784297326,0.0377552578666109,0.012033570697040322,14,1,3
qp09f3,77,0.0011985839005462,0.111596160258115,0.03135456034267835,71,1,4
qp09f4,52,0.0002604371314319,0.0496699912273366,0.017865312057251653,50,1,4
qp09f5,19,0.0019467038882503,0.0358177548212185,0.012494057007992089,19,1,4
qp09f6,50,5.288598880828648e-05,0.069730752620236,0.02460328742239029,43,1,4
qp09f7,73,0.0012574078053111,0.0857568863484248,0.030806941597501754,67,1,4
qp09f8,21,0.0005029193211744,0.043806890340968,0.012470487431858898,20,1,4
qp09f9,92,0.000739307748719,0.205262780493224,0.09592149320997216,83,1,4
qp09fb,69,0.000444622551249,0.1104141421512176,0.0321805868704651,62,1,4
qp09fc,1,0.0053356104388628,0.0053356104388628,0.0053356104388628,1,1,1
qp09fd,82,0.0003029298929404,0.1459607348740834,0.04478323327713857,73,1,4
qp09fe,42,0.0003592061833699,0.039010619959607,0.01507436653087473,38,1,4
qp09ff,41,0.0007848255419491,0.0419041638869248,0.014155919720713743,36,1,4
qp09fg,98,0.0007509123971997,0.1438636808879318,0.05939121423938741,89,1,4
qp09fh,80,0.0004527450538499,0.0881472104804248,0.025240419404508375,79,1,4
qp09fj,99,0.0001568720427657,0.1776281244378643,0.06491218446802141,90,1,4
qp09fk,75,0.0007214278523899,0.0881734321690759,0.03585186066520289,68,1,4
qp09fm,105,0.0055821376116974,0.2170269275957185,0.0834391358392676,96,1,4
qp09fq,105,0.0073469072577453,0.4634983915433754,0.14974726453231077,96,3,4
qp09fr,17,0.0002240115358551,0.0377337159317355,0.010182993549699601,17,1,3
qp09fs,88,0.0017587573392977,0.1559737240220169,0.04914203688002221,81,1,4
qp09ft,105,0.2956132042355303,1.0,0.8688501280856626,96,2,4
qp09fu,105,0.0009771366232607,0.3071483480203908,0.1413494101378133,96,2,4
qp09fv,33,0.000875516674284,0.056772991956326,0.017699482591761424,30,1,4
qp09fw,86,0.0005857180075477,0.1127728689363753,0.031222129494245476,83,1,4
qp09fx,83,0.0002821444139437,0.1541111196598408,0.0407918133313753,74,1,4
qp09fy,72,0.002162443409529,0.1060202421713125,0.035536679655253964,71,1,4
qp09fz,101,0.0012422961605487,0.2494503516415033,0.08480202696759306,92,2,4
qp09g0,56,2.883754011419188e-05,0.0650950847088613,0.025865807177010574,48,1,4
qp09g1,92,0.0011997569816112,0.1618283469871618,0.0860461995956766,83,1,4
qp09g2,89,0.0004499001644846,0.1894324204455608,0.09954504438864425,80,1,4
qp09g3,69,0.0004051903356396,0.0952420580040955,0.03510478471530259,65,1,4
qp09g4,86,0.0002523158889375,0.1221150751103087,0.054258501109552076,77,1,4
qp09g5,103,0.0011363874796814,0.2743972332494638,0.09986121834857443,94,2,4
qp09g6,105,0.0173535826796094,0.2047549915956176,0.11088239230074291,96,1,4
qp09g7,91,0.0004770608293023,0.1109538134275199,0.04437376794799688,82,1,4
qp09g8,94,0.0033054667510133,0.3836377336966966,0.10344495967992348,85,3,4
qp09g9,55,0.0007458758930668,0.0953218776730396,0.02311619731260939,49,1,4
qp09gb,71,0.0043114603202309,0.3654091215149124,0.07029954085601713,66,3,4
qp09gc,27,0.0008069104928568,0.0303569103725087,0.008958051853541956,27,1,4
qp09gd,1,0.0046696692878009,0.0046696692878009,0.0046696692878009,1,1,1
qp09ge,31,0.0019918747670388,0.0383796268996915,0.01129250142418023,29,1,4
qp09gf,34,0.0003365445524175,0.0508551092786101,0.013573287177544944,28,1,4
qp09gg,20,0.0004432721199369,0.0257434091584844,0.011057553962414614,19,1,4
qp09gh,80,0.001568843487997,0.1290082719452221,0.05116692343125658,71,1,4
qp09gj,87,0.0004776951788925,0.1572384955759337,0.06250791304794741,78,1,4
qp09gk,104,0.0013242469351076,0.2881936349396329,0.14293010232156655,95,2,4
qp09gm,40,0.0002037274988646,0.0545388900931363,0.015177811468404417,37,1,4
qp09gn,38,0.0005647502722403,0.0518888418495942,0.014419710362854374,37,1,4
qp09gp,63,1.28902046923254e-05,0.065302959628713,0.018798082033658892,57,1,4
qp09gq,74,0.0001639165903645,0.0725715637980114,0.02887363341652343,66,1,4
qp09gr,13,0.0025329943190655,0.0310882614849831,0.009724139339807715,11,1,4
qp09gs,85,0.001836825112671,0.2174070849314146,0.07645017486099383,76,1,4
qp09gt,92,0.0006563178567019,0.1510283215858394,0.06417926811925766,83,1,4
qp09gu,66,0.0020877132339552,0.0717045010683887,0.025339951550878217,60,1,4
qp09gv,89,0.0052339288299941,0.1385337613354174,0.06295939938410815,80,1,4
qp09gw,86,0.0101360437538758,0.1339709872029937,0.06600979973452582,77,1,4
qp09gx,93,0.000803090514065,0.1814704471560496,0.09156169556511343,84,1,4
qp09gy,91,0.0026781033190785,0.1967808215259494,0.08737039836554296,82,1,4
qp09gz,76,0.0005011417497754,0.0775425472414951,0.034569135290815935,67,1,4
qp09h0,62,0.0001042432352805,0.2302990014827176,0.06340716260548458,61,2,4
qp09h1,5,0.0020083209239647,0.0116432628101253,0.00611659925178308,5,1,3
qp09h4,35,0.0003148223052532,0.0392696198539705,0.013385546980414737,34,1,4
qp09h5,76,0.0004825299254923,0.0985551646111697,0.03274906520053016,68,1,4
qp09h6,3,0.001747621910814,0.0052168037539704,0.003756912878214133,3,1,2
qp09h7,30,0.0004250193991121,0.0314709624702741,0.010468247890745564,29,1,4
qp09he,6,0.000285782443784,0.0111874717678797,0.0045136696922345836,6,1,3
qp09hh,103,0.0008393703514233,0.3667650216625165,0.157440491588615,94,3,4
qp09hj,101,0.006448918326305,0.3413542352378542,0.13036842078291752,92,2,4
qp09hk,61,0.0002815632125276,0.0749331289958609,0.01899086638015994,59,1,4
qp09hm,89,0.0010753857778353,0.1850087427200137,0.08330065028091138,80,1,4
qp09hn,91,0.0024594597311348,0.1600597011548457,0.0491819915574589,82,1,4
qp09hp,51,0.0012202193207862,0.0519697155184975,0.018600035611201257,48,1,4
qp09hq,47,0.0001041334341085,0.0538993894382569,0.015242730836487263,44,1,4
qp09hr,52,1.3729222259441756e-05,0.0638847397939229,0.016199550731404853,48,1,4
qp09hs,89,0.0001070341881858,0.0975269859473147,0.039219272340386746,80,1,4
qp09ht,103,0.002259901864374,0.162565315721103,0.08701630090811063,94,1,4
qp09hv,104,0.0010658220831061,0.1300115793117723,0.05366425468920964,95,1,4
qp09hw,32,7.398573633737529e-06,0.0392741227171097,0.012718566930932892,31,1,3
qp09hx,30,0.001674962876264,0.032372741071611,0.009443075487557443,28,1,4
qp09hy,72,4.995530480954146e-05,0.076331447694032,0.02674462835510867,68,1,4
qp09hz,18,0.0009324396028525,0.0349594011527625,0.012202025030787367,18,1,4
qp09j7,3,0.006305101643545,0.0182430096831511,0.011494235531917833,3,1,3
qp09jb,14,0.0001785752033886,0.0161198198580539,0.005681428239547585,14,1,3
qp09jc,1,0.00166875683722,0.00166875683722,0.00166875683722,1,1,1
qp09jd,17,0.000293925067052,0.0454826024090869,0.014655874899385477,17,1,4
qp09je,20,0.0011300045869197,0.0261575598783287,0.009816819686795205,20,1,4
qp09jf,6,0.0009940763806686,0.019839404877887,0.0090578300974007,6,1,3
qp09jg,3,0.0005975296147031,0.0136168767469831,0.0059878827548384,3,1,2
qp09jj,5,3.126646760258909e-05,0.0188050920564477,0.008331749173001878,5,1,4
qp09jk,14,0.0005748166470643,0.0325448150991931,0.010366843303002594,14,1,4
qp09jm,3,0.0027900583508229,0.0052601939366703,0.004351019823920066,3,1,1
qp09jn,10,0.0003221629390076,0.0256279252024361,0.00903835188142383,10,1,4
qp09jp,84,0.0017024758359608,0.2104838648530594,0.05323058292903658,76,1,4
qp09jq,89,0.0005884769387397,0.2777510583997195,0.14425095794028595,80,2,4
qp09jr,14,0.0001379316519204,0.0264569562178974,0.008183907613485515,14,1,3
qp09js,7,2.6410182889648863e-05,0.0195752626379034,0.006516383701129007,7,1,3
qp09jt,16,0.0002999961880519,0.0299465487673001,0.01030389180504135,16,1,4
qp09ju,5,0.0002972873626251,0.0131027533746851,0.0064212054508612,5,1,4
qp09jv,61,0.0011091334659751,0.1027446058148436,0.0320831507524677,59,1,4
qp09jx,43,0.0005847752056473,0.0708093282440002,0.02482303969457218,43,1,4
qp09jz,42,0.0001244373453104,0.0418256905237961,0.019230249177999044,42,1,4
qp09k0,48,0.0010635623835995,0.0740322891230102,0.01855588778794295,43,1,4
qp09k1,68,0.0015681119729271,0.0834173183926609,0.028860030068964853,60,1,4
qp09k2,99,0.001218116118276,0.2521143397621424,0.10537367898859862,90,2,4
qp09k3,87,0.0002871575135034,0.11874089688642,0.047686845917625356,78,1,4
qp09k4,40,0.0006215849311155,0.1262678002892392,0.017780216528122433,40,1,4
qp09k5,7,0.0011651354449634,0.0131750440657303,0.006829610509169257,7,1,4
qp09k6,52,8.202000258620477e-05,0.0634243854001821,0.023919178657121027,48,1,4
qp09k7,1,0.0007928562218901,0.0007928562218901,0.0007928562218901,1,1,1
qp09k8,32,0.000287885873088,0.0366595908762715,0.010296345326150685,32,1,3
qp09k9,13,5.460200056610749e-05,0.0168540095407373,0.0074686735881968076,13,1,4
qp09kb,65,0.0007127470674169,0.098423966428618,0.028042903681807358,59,1,4
qp09kc,60,0.0010437520548224,0.0687966051486057,0.021580744137472928,52,1,4
qp09kd,9,0.0014766601359811,0.0172153045033295,0.008634548278242378,9,1,4
qp09ke,103,0.0019920731519898,0.155288304894239,0.058652154894852614,94,1,4
qp09kf,51,7.334380628340887e-05,0.0495508067890266,0.01860745242129685,49,1,4
qp09kj,46,7.657804262657416e-05,0.0561424787564795,0.014490816129823786,45,1,4
qp09km,5,0.0005282070021073,0.0044351464342614,0.00254906527339524,5,1,4
qp09kn,6,0.0030300835985238,0.0335094995433707,0.016533348164911317,6,1,2
qp09kq,15,0.0001604417332375,0.0205716438411612,0.00868528038796956,15,1,3
qp09kr,50,9.131060913049556e-05,0.0607020932069791,0.016658520088311254,44,1,4
qp09ks,32,0.0006587286669702,0.0390960619141977,0.012639573467704116,31,1,4
qp09kt,84,0.0013354186284745,0.0925569032228287,0.04072329967711156,75,1,4
qp09ku,44,0.0003348070544709,0.0560121819677564,0.017474131102775858,43,1,4
qp09kv,105,0.0134003498698027,0.4133641601523049,0.17933798546706922,96,3,4
qp09kw,67,0.0001960496969045,0.1628114426726997,0.051332420235029666,64,1,4
qp09kx,89,0.0008173642226149,0.2267083102482809,0.07080195364816556,80,2,4
qp09ky,66,0.0001054997279273,0.0791170685787171,0.024494176227584055,58,1,4
qp09kz,100,0.0023319854246099,0.5680702698637463,0.25165762437665395,91,3,4
qp09m0,83,0.0013909852673016,0.1415023960589574,0.05752057443227054,76,1,4
qp09m1,67,0.0009395063416865,0.0740275299987247,0.02711458915293674,65,1,4
qp09m2,74,0.0001723908308494,0.0806144391919084,0.02838652838214921,67,1,4
qp09m3,9,0.0012810062917761,0.0091398585274134,0.005177114031380245,9,1,4
qp09m7,1,0.0127847822208423,0.0127847822208423,0.0127847822208423,1,1,1
qp09m8,15,0.0003060594738692,0.031837134684736,0.009945555627639147,15,1,4
qp09m9,25,0.0022301048871361,0.0674258614643231,0.017988683052386725,25,1,4
qp09mb,24,0.0009361515100007,0.0292251435868534,0.012093143970976208,24,1,4
qp09mc,19,0.0019879145463668,0.0456922059360537,0.014250137252925127,19,1,3
qp09md,3,6.138161941475952e-06,0.0160913162043718,0.005666525028931925,3,1,2
qp09me,25,0.0011441008312242,0.0609788342122216,0.014878997303379075,22,1,4
qp09mj,3,0.0013333344322436,0.0072242010676718,0.0033246806781362663,3,1,3
qp09mm,2,0.0018048742221684,0.0069425609536197,0.00437371758789405,2,1,2
qp09mn,55,0.000260998217601,0.0588886922977297,0.019321104142007498,52,1,4
qp09mp,91,0.0013686332050133,0.1583875283194137,0.06628334922118492,82,1,4
qp09mq,5,0.0003170362930235,0.0172510301185319,0.0064280791905658,5,1,2
qp09mr,55,9.37969023737176e-05,0.0569553608950502,0.016689095224711063,47,1,4
qp09ms,37,0.0007487292678723,0.0304570781794798,0.010044376816762228,35,1,4
qp09mt,34,0.0010891645630894,0.0463131504620932,0.015358921229286985,34,1,4
qp09mu,28,0.0005429769385027,0.0536618001571418,0.012403693846966225,28,1,4
qp09mw,35,0.0014496900173094,0.0321603227755692,0.01109126739752537,32,1,4
qp09mx,86,0.0014447213145937,0.1210570172583543,0.05276649932235333,77,1,4
qp09mz,4,0.0029977420056711,0.0600395444346544,0.024548211630127575,4,1,3
qp09n4,1,0.0028575314029996,0.0028575314029996,0.0028575314029996,1,1,1
qp09np,30,0.0001392992421594,0.0394126875184084,0.01166436780729421,30,1,3
qp09q0,5,0.0037412612250711,0.0168739922752645,0.010304833207850101,5,1,3
qp09q1,2,0.0081612373196282,0.0177715530785034,0.0129663951990658,2,1,1
qp09q4,3,0.0013713523967635,0.0172606498205639,0.0073202770739250675,3,1,2
qp09q5,12,0.0002768893280063,0.0282466485124495,0.010387153079048108,12,1,4
qp09qj,12,0.0003434145350568,0.0141328834384386,0.004889534438569983,12,1,4
qp09qn,35,7.170926111389468e-05,0.0506219094317085,0.01689735161907788,35,1,4
qp09qp,9,0.0010798120364958,0.0164485113141262,0.007436014818796656,9,1,4
qp09s1,2,0.0075547996974599,0.0088841515638312,0.00821947563064555,2,1,2
qp09s2,36,9.465427592572794e-05,0.0233171823971758,0.008170131956099792,33,1,4
qp09s3,21,0.0002932343432611,0.0402080610274329,0.012047711196853153,19,1,4
qp09s4,4,0.0004645653067252,0.0041430685134031,0.001510711800616175,4,1,3
qp09s6,87,0.0008681722772076,0.1192036560353665,0.05813583159277007,78,1,4
qp09s7,100,0.0017094101694921,0.2501518269828836,0.09596205356019016,91,2,4
qp09s8,104,0.0008899563590146,0.6947127732269922,0.19874082576402377,95,3,4
qp09s9,95,0.0030611759461327,0.5277117908612616,0.2036852058733471,86,3,4
qp09sb,89,0.0003575408864734,0.1829140203057973,0.0730880256341863,80,1,4
qp09sc,59,0.0006032040947266,0.06845613344568,0.023817538909685014,52,1,4
qp09sd,102,0.0034715807771432,0.4544001122157229,0.1665148748428801,93,3,4
qp09se,103,0.0018847387653867,0.2682301220333402,0.13011109849813776,94,2,4
qp09sf,77,4.927943324376347e-05,0.0763970544315542,0.025685545420618353,69,1,4
qp09sg,73,0.0005612028229446,0.0792379088993695,0.019605433016246874,66,1,4
qp09sh,84,0.0003919317873028,0.2105044986721884,0.06615804238713693,75,1,4
qp09sj,79,0.0009019025825554,0.1032826369295271,0.03837509127552001,70,1,4
qp09sk,95,0.0005232301030096,0.2345719703418792,0.08759466026440764,86,2,4
qp09sm,83,0.0061781658290175,0.1962660352681167,0.08032866185821912,74,1,4
qp09sn,89,0.0013771332270823,0.1403226403328307,0.04999632916219912,80,1,4
qp09sp,104,0.0085004934351777,0.3221800630339682,0.17995566593432055,95,2,4
qp09sq,78,0.00026750817332,0.1294157787002025,0.0423520660448272,70,1,4
qp09sr,63,0.0006635765348231,0.0869949607353594,0.025733603770873855,56,1,4
qp09ss,89,0.000848581452354,0.1682222545233855,0.06589458679186982,80,1,4
qp09st,63,0.0004284842467325,0.050486560781391,0.02000322507434359,55,1,4
qp09su,71,0.0031313896022283,0.099086356001268,0.04305140120497387,62,1,4
qp09sv,45,0.0008083261820399,0.0518805531165937,0.015177803800308799,41,1,4
qp09sw,98,0.0025236127538399,0.1834447700095358,0.08238753104728344,89,1,4
qp09sx,85,0.0020943258853153,0.177615295120808,0.08272455132383248,76,1,4
qp09sy,72,0.000617057574831,0.1132862396464276,0.03244041776025003,65,1,4
qp09sz,89,0.0003182613956825,0.2292092673681202,0.09410644366696032,80,2,4
qp09t0,105,0.0072622146322692,0.3454918580373164,0.16451073628166674,96,2,4
qp09t1,2,0.0008598131792203,0.00110803552877,0.00098392435399515,2,1,2
qp09t2,85,0.0030135456725824,0.0994585060103264,0.035002888754520484,76,1,4
qp09t4,90,2.287745542245092e-05,0.0787530392648887,0.03592610732922791,81,1,4
qp09t5,77,0.000177707791097,0.1134286366955497,0.046874269010129165,68,1,4
qp09t8,97,0.0027447129132347,0.2000749075571909,0.07356992967192637,88,1,4
qp09t9,26,0.0009269205183402,0.0260834446956284,0.008724808689461964,25,1,4
qp09th,33,0.0014734232680422,0.0263019060589175,0.010452430787130366,30,1,4
qp09tj,71,0.0004184318738651,0.0927212697862399,0.032226806110990276,63,1,4
qp09tk,15,0.0007707574023292,0.0236331584288044,0.010437431449720274,15,1,3
qp09tm,44,0.0001986903379933,0.0434442730319727,0.018763920712201745,39,1,4
qp09tn,81,0.0009634111140464,0.1032974392542378,0.04096363680710017,72,1,4
qp09tp,95,0.0004881498939025,0.3192784602261228,0.10575463988728066,86,2,4
qp09tq,53,0.0008817789013046,0.0648321384544447,0.016290423452740732,47,1,4
qp09tr,102,0.0066479348119813,0.3245863790128023,0.12934173350975672,93,2,4
qp09ts,3,0.0013816436424489,0.004458841609866,0.0034028551468156336,3,1,2
qp09tt,56,0.0003610133288455,0.0613189627150668,0.01965297050505146,52,1,4
qp09tw,75,0.0014392414249576,0.0898093742562597,0.03871521542602282,68,1,4
qp09tx,78,0.0009790031753659,0.1189649480885678,0.038870047673119974,74,1,4
qp09u0,104,0.0004145024746935,0.3655962829714105,0.17031123450378233,95,3,4
qp09u1,95,0.0001155881242579,0.2032589351765961,0.09070170459858987,86,1,4
qp09u2,52,0.0006269858083474,0.0849488128939117,0.02394219352634274,46,1,4
qp09u3,17,0.0003704499218239,0.047184392323699,0.011845785101699377,16,1,4
qp09u4,45,0.000188802374092,0.1857848448381987,0.02706424060010223,42,1,4
qp09u5,38,0.0003248598665239,0.0519173135532252,0.01694143853632522,32,1,4
qp09u6,41,0.000382285989429,0.0449578280017367,0.014521032630143208,35,1,4
qp09u7,13,0.0009583181593586,0.0295284575567635,0.009994909037818753,13,1,4
qp09u8,83,0.0005143096303343,0.1594001763032353,0.058745585900462055,74,1,4
qp09u9,16,0.0002326546409251,0.0262657332756104,0.011120891092915093,16,1,3
qp09ub,22,0.0008309239652515,0.0385167669177226,0.010572068058757269,18,1,4
qp09uc,38,0.0002618887612304,0.0322287618489617,0.014580165189248236,34,1,4
qp09ud,77,7.500273738042554e-05,0.0775301851934094,0.026587716519333365,68,1,4
qp09ue,105,0.0004008735974926,0.3915398990476391,0.18355130070625694,96,3,4
qp09uf,53,0.000532398822276,0.0477241442030605,0.017846643819585856,47,1,4
qp09ug,36,0.0029825827171934,0.1444986065604473,0.02821339346373172,35,1,4
qp09uh,35,0.0001137834385526,0.0586314645205015,0.014491177015942418,35,1,4
qp09uj,59,0.0002221268698899,0.0705462891837546,0.01684727454234207,52,1,4
qp09uk,82,0.0012436383709616,0.1153008505489796,0.03974144112647036,73,1,4
qp09um,77,0.0002575284101818,0.0879958530310151,0.03172942313136972,68,1,4
qp09un,55,0.0003174918216194,0.0643188611709764,0.020380017226064816,50,1,4
qp09up,51,0.0008843008372884,0.0675648036508795,0.022704647398239155,45,1,4
qp09uq,68,0.0008357855569239,0.0656999813202232,0.02165305021208129,61,1,4
qp09ur,9,0.0004431285611006,0.0102427622666677,0.005023709170947,9,1,4
qp09us,78,0.002677472197319,0.1517193749756523,0.04212168200077401,69,1,4
qp09ut,86,0.0038529407275755,0.2520368277494096,0.11890402824427107,77,2,4
qp09uu,76,0.0004658750163914,0.0688460535533481,0.025148238230097986,69,1,4
qp09uv,105,0.0469590775947394,0.5594512219454242,0.3199629692073678,96,3,4
qp09uw,74,0.0001787067335799,0.1129656768457845,0.04627363126529112,65,1,4
qp09ux,87,0.0046033141322552,0.0874154581480992,0.04070172174117305,78,1,4
qp09uy,105,0.0729235270682308,1.0,0.5682742499643878,96,3,4
qp09uz,105,0.006831702931274,0.4006293677161905,0.1792815572540479,96,3,4
qp09v0,104,0.0053401029580669,0.3842144719669842,0.17032760023636764,95,3,4
qp09v1,86,0.0056183313583116,0.1674789372069784,0.07696966391061873,77,1,4
qp09v2,75,7.305563459926601e-05,0.1057426510372982,0.03442951072054259,68,1,4
qp09v3,4,3.896741322124285e-06,0.0099873538354111,0.006300248677533407,4,1,3
qp09v4,41,7.752635047330999e-05,0.0430728346630236,0.011078415917896298,38,1,4
qp09v6,46,0.0002628729569392,0.1032526306848425,0.02271203276067382,44,1,4
qp09v7,2,0.000831876331753,0.0105243129656715,0.00567809464871225,2,1,2
qp09v8,7,0.0002030643639063,0.0134965117574286,0.005758203207215157,7,1,4
qp09vc,1,0.0036574555864491,0.0036574555864491,0.0036574555864491,1,1,1
qp09vd,3,0.0032601038061248,0.0123595459897018,0.006791096665933967,3,1,2
qp09ve,8,0.0003839500329416,0.0315063162132464,0.011177878913216938,8,1,4
qp09vf,8,0.004302187959238,0.12012596869968,0.04440144027693289,8,1,4
qp09vg,54,0.0005683710599269,0.0481283818523155,0.0143806180616919,53,1,4
qp09vj,90,0.0004689705169242,0.1546306314083401,0.05832735055420038,81,1,4
qp09vk,97,0.0006955087847572,0.3364710795949743,0.16984214977885614,88,2,4
qp09vm,98,0.0016068303666837,0.2647710792495005,0.11830119126269976,89,2,4
qp09vn,79,0.0020276932416735,0.212972617529143,0.053742927510258956,72,1,4
qp09vp,41,0.0003503954888382,0.155948151637394,0.02383485838253883,40,1,4
qp09vq,102,0.000848992763015,0.1785756975491736,0.08495462342310497,93,1,4
qp09vr,58,8.542479421012653e-05,0.0546221658808495,0.018871848744610512,54,1,4
qp09vs,6,0.0053174404426406,0.0354395243035668,0.017012738757917582,6,1,3
qp09vt,51,0.0005013160974513,0.0449898472562898,0.02251784360958692,44,1,4
qp09vu,5,0.0030976953607068,0.0306528031793326,0.01683447028235572,5,1,3
qp09vv,40,3.582897342846668e-05,0.0544229127917878,0.016847554351824726,39,1,4
qp09vw,3,0.0039412911230412,0.0113333952353777,0.0066593094377931,3,1,3
qp09vx,7,0.0016798507063691,0.0110201366492647,0.0047222436221273,7,1,3
qp09vy,75,0.000520110764319,0.1158635866487813,0.042093034197988315,67,1,4
qp09vz,6,0.0009280710204396,0.0184965161735843,0.008159546544727335,6,1,4
qp09w0,4,0.0019077176619306,0.0178634524289314,0.006393554269082575,4,1,2
qp09w4,2,0.0058498207050421,0.0064219006502945,0.0061358606776683,2,1,2
qp09w5,90,0.0042391978189374,0.8041987789023293,0.2768421172828962,86,3,4
qp09wp,1,0.003461635844352,0.003461635844352,0.003461635844352,1,1,1
qp09y1,64,0.0006064728959271,0.081010567268722,0.03403294015528625,56,1,4
qp09y4,1,0.0237770186582087,0.0237770186582087,0.0237770186582087,1,1,1
qp09y5,23,3.994528656869007e-06,0.0537417218105474,0.016328169469958808,23,1,4
qp09yh,99,0.0130083040940595,0.5186143961986057,0.13780039480421383,90,3,4
qp09yj,72,0.000945712212035,0.2388274607416807,0.060793258773244006,67,2,4
qp09yn,75,0.0001106580329062,0.089875275498222,0.031531691102631564,68,1,4
qp09yp,53,0.0011350621191828,0.0628574292720379,0.019255775963702884,51,1,4
qp0d00,100,0.0001778437856521,0.1237286565148227,0.050436042568523486,92,1,4
qp0d01,70,1.0291829971756954e-05,0.061796928042945,0.018583031409671446,67,1,4
qp0d02,20,0.000273100538345,0.0104785894581653,0.0046804863302706,20,1,4
qp0d03,56,0.0001421688405864,0.0260596628587729,0.007731335308260224,55,1,4
qp0d04,14,0.0012752592506411,0.017517622135694,0.0070577229240442645,14,1,4
qp0d05,12,0.0005770381260703,0.0108713267678534,0.004002169478512025,12,1,4
qp0d06,75,0.0005241670330897,0.0526329336311029,0.013737600665055432,68,1,4
qp0d07,24,0.0002505401560106,0.0375843884559154,0.010687341351135263,24,1,4
qp0d0b,4,0.0002455116482031,0.0097601894470862,0.005305451602371326,4,1,3
qp0d0c,38,0.0006280333315521,0.0511860296392745,0.015098366867964496,37,1,4
qp0d0f,70,1.236341832050348e-05,0.1110053788253837,0.026790574622260817,66,1,4
qp0d0g,2,0.0003802459850366,0.007240751958743,0.0038104989718898002,2,1,2
qp0d0h,96,0.0004341792691309,0.1885664376274677,0.06433826190386067,87,1,4
qp0d0j,98,0.0003179490746933,0.0923256473061328,0.027814234627591278,89,1,4
qp0d0k,71,0.000464630176487,0.0459605617326348,0.014624409701796544,68,1,4
qp0d0m,57,0.0002372240584997,0.0316754441623483,0.009994222156106446,52,1,4
qp0d0n,76,0.0009816047779326,0.061108793363197,0.01846464212104053,69,1,4
qp0d0q,62,0.000416606336024,0.0388301130525014,0.012854434105015867,58,1,4
qp0d0s,2,0.0032971448569033,0.0060695981849058,0.00468337152090455,2,1,2
qp0d0t,47,4.70616183146878e-05,0.028321682111216,0.01067067170494213,47,1,4
qp0d0u,3,0.0071737790119013,0.0191161968166553,0.0123742961068647,3,1,3
qp0d0v,9,0.0012937411815954,0.0126950797349017,0.007098303604171933,9,1,4
qp0d0w,82,0.0001100993599678,0.0502260604778102,0.022884180608657146,75,1,4
qp0d0y,32,0.0005801565523777,0.051612906880187,0.015770781368939328,32,1,4
qp0d10,27,0.0012750367333067,0.0393313647170478,0.01266087190089031,27,1,4
qp0d11,20,0.0024110182803225,0.0282129569699293,0.008989725092210845,20,1,3
qp0d12,38,0.0007947053085438,0.0455207335587491,0.014550347212223976,36,1,4
qp0d13,46,0.0003038292053559,0.0381733232695214,0.01474230281531757,42,1,4
qp0d14,31,0.0008471793505987,0.0468501754539245,0.012109138289182062,30,1,4
qp0d15,71,0.0003333637673437,0.0900954650633325,0.027315030859148333,64,1,4
qp0d16,8,0.0010363470395433,0.0088619446058598,0.003988420868961563,8,1,3
qp0d17,7,0.0009393332906215,0.0195151935395014,0.009155765285567715,7,1,3
qp0d18,50,6.579810353995173e-05,0.042584244830323,0.015144944101372917,44,1,4
qp0d19,49,0.0007743547267056,0.0418348723552097,0.014610742287582457,46,1,4
qp0d1b,9,0.0006135866102522,0.0263058732615779,0.006175019838374222,9,1,3
qp0d1c,26,0.0004719869312812,0.0314511158991062,0.008807920290539072,25,1,4
qp0d1d,28,9.212147228870612e-05,0.0511947006375699,0.01310760218944064,27,1,4
qp0d1e,26,0.0001747147735521,0.0295872699701403,0.011118562391495055,24,1,4
qp0d1f,28,0.0014960312926456,0.0329690026122751,0.013621814481168112,26,1,4
qp0d1g,48,2.506752465289548e-05,0.0431016915748908,0.015447175506279949,48,1,4
qp0d1h,81,0.0009922739501931,0.1889844722110011,0.08422096359497129,74,1,4
qp0d1j,19,1.5738525625575313e-05,0.019383587691813,0.007284068339573367,19,1,4
qp0d1k,22,0.0005573805662237,0.0166701296148883,0.00717460639395455,22,1,4
qp0d1m,81,0.0004481448481124,0.1877430191649982,0.06422979756739962,80,1,4
qp0d1n,69,6.284974296448339e-05,0.089492720510995,0.029322690540802193,67,1,4
qp0d1q,29,0.0005445863779055,0.0322614951713431,0.009554523993741982,27,1,4
qp0d1t,1,0.0020084117942783,0.0020084117942783,0.0020084117942783,1,1,1
qp0d1u,7,0.0020211314020535,0.0190906349272766,0.008277580519336757,7,1,4
qp0d1v,8,0.0010152122512095,0.0193413491743882,0.007901231430382813,8,1,4
qp0d1w,16,0.0014578882200874,0.026299992308756,0.010405376543190856,16,1,4
qp0d1y,15,2.192114794362368e-05,0.0628738245678811,0.015800923615552336,15,1,4
qp0d42,1,0.0085229441407129,0.0085229441407129,0.0085229441407129,1,1,0
qp0d48,86,0.0013026763513683,0.1302838559689252,0.05388173564510366,78,1,4
qp0d49,67,0.0004710499045926,0.0761257361468683,0.021241543199867523,63,1,4
qp0d4b,105,0.0027771803931665,0.2404310712909861,0.10823253875122381,96,2,4
qp0d4c,73,0.0017499275016406,0.1311508294301257,0.04605200010156219,68,1,4
qp0d4d,3,0.0038190439898585,0.0169245812247026,0.0083497162846558,3,1,2
qp0d4e,99,0.0020140023854506,0.1607972534831756,0.06643749093320202,93,1,4
qp0d4f,2,0.0017416456407456,0.0124045928373026,0.0070731192390241,2,1,1
qp0d4g,34,8.555203882988868e-05,0.0505655609716081,0.013026319076182886,33,1,4
qp0d4h,4,0.003901981287108,0.0300726776404092,0.014412052579283251,4,1,3
qp0d4n,68,0.001525335564947,0.067202953441419,0.026510125243511328,59,1,4
qp0d4q,74,0.0011536117295007,0.3482519617021323,0.1392083024938703,70,2,4
qp0d4s,104,0.0044440531279408,0.2435827459655777,0.1049638958426312,96,2,4
qp0d4t,95,0.0001129108329533,0.1457080514584884,0.048000694123998044,86,1,4
qp0d4u,65,0.0002129238634659,0.0525823398917137,0.016408965093197916,57,1,4
qp0d4v,61,0.0010471919082324,0.0831153422483763,0.02713385238234986,59,1,4
qp0d4w,101,0.0019692580772707,0.2909787396236348,0.11321955558790375,92,2,4
qp0d4y,14,0.0002883117912963,0.0217984621296807,0.008194594464830236,14,1,4
qp0d50,95,0.0017052834512023,0.1665483490542701,0.07522667758072636,86,1,4
qp0d51,87,0.0021585222696176,0.1227207531164816,0.0426066110551293,78,1,4
qp0d52,83,0.0019933380868941,0.1390527474359456,0.06066646158391737,75,1,4
qp0d53,91,0.0014479330895451,0.1764731382915199,0.08986267355419073,82,1,4
qp0d54,80,0.0001294207571117,0.1637021841631658,0.05010470698931975,74,1,4
qp0d55,2,0.0024009062488754,0.0026522101415734,0.0025265581952244,2,1,2
qp0d56,3,0.0003413259862152,0.0077848392538233,0.0039440517822009,3,1,3
qp0d57,2,0.0032452544403073,0.0048153177246615,0.0040302860824844,2,1,2
qp0d58,84,0.0012286155289456,0.1387372880600598,0.05217475267168845,76,1,4
qp0d59,11,0.000997401790456,0.0108260769918865,0.005130331477068318,11,1,4
qp0d5b,75,0.0008335720172512,0.0738892440544935,0.02334006941531306,70,1,4
qp0d5c,4,4.8330524358579765e-06,0.0157110868282498,0.00822159689129159,4,1,2
qp0d5d,3,0.0008603919958245,0.0076766773672696,0.0031989318162627,3,1,2
qp0d5e,8,0.0004162749179045,0.0237695017732005,0.006943638626246925,8,1,4
qp0d5f,55,0.0001992853884554,0.0598937524635553,0.023935178169403427,53,1,4
qp0d5g,31,0.0002237199741387,0.0365138521903958,0.012196576792908713,29,1,4
qp0d5h,12,0.0029510909078374,0.0234423651820163,0.011723737680313725,12,1,4
qp0d5j,2,0.004457543001526,0.0056368761170763,0.00504720955930115,2,1,1
qp0d5m,21,5.846062165710997e-05,0.0193581108218772,0.006560547538566576,21,1,4
qp0d5q,2,0.0051542397909787,0.0052767861878745,0.0052155129894266,2,1,1
qp0d5t,4,0.0058850955180852,0.0182613843116577,0.010440168633212475,4,1,3
qp0dh0,82,0.0011145745480098,0.1012700321572433,0.044721758594418924,73,1,4
qp0dh1,28,0.0003388596063262,0.0406981821494099,0.012669666251319047,28,1,4
qp0dh2,43,0.0005125861326374,0.0502830825774942,0.016330669263286125,39,1,4
qp0dh3,19,8.331216780984387e-06,0.0264615913640369,0.009423772527418368,19,1,4
qp0dh4,63,0.0003271648554154,0.1336949726014567,0.036806706926248836,59,1,4
qp0dh5,25,0.000734717786221,0.0279952563716719,0.010604855840001887,22,1,4
qp0dh6,43,0.0005931387062837,0.0395503103403208,0.012826819097061461,39,1,4
qp0dh7,25,0.0004328372755238,0.0404947647471844,0.010475308787694508,24,1,4
qp0dh8,75,0.0009154598754048,0.1423201572086253,0.05324681034440967,66,1,4
qp0dh9,96,0.000149455558053,0.236602712517473,0.10151087958929676,87,2,4
qp0dhb,99,0.0069320973691865,0.3413145682457743,0.15263309997052366,90,2,4
qp0dhc,28,5.807254875558464e-05,0.0262728818942391,0.008514800519614278,28,1,4
qp0dhd,19,2.8237301066434228e-05,0.0339465938590065,0.01238171519020368,18,1,3
qp0dhe,96,0.0031317500641638,0.5017706387338431,0.17566920448068044,87,3,4
qp0dhf,2,0.0050825388336888,0.0069629469532802,0.006022742893484499,2,1,1
qp0dhg,81,0.0006863973973454,0.1576534979949364,0.049900220260586284,72,1,4
qp0dhh,53,0.0008826519763577,0.062573374568282,0.022677836420575255,49,1,4
qp0dhj,1,0.0059947841436474,0.0059947841436474,0.0059947841436474,1,1,1
qp0dhk,67,6.721901329782373e-05,0.1322288312212707,0.027716062448021838,60,1,4
qp0dhm,1,0.0039814601075136,0.0039814601075136,0.0039814601075136,1,1,1
qp0dhq,50,0.0002157762500653,0.0541267773149786,0.01806619792487001,46,1,4
qp0dhs,85,0.000255258365101,0.0828360747310664,0.027277259489592438,78,1,4
qp0dht,99,0.0085237959854596,0.3503812139633128,0.15006677947574526,90,3,4
qp0dhu,2,0.0042568163838628,0.019164667002483,0.0117107416931729,2,1,1
qp0dhv,10,0.0005135960722894,0.0401324406075878,0.013030972196108378,10,1,4
qp0dhw,88,0.0017683570527346,0.1982682545479479,0.07507461719598883,79,1,4
qp0dhy,15,0.0039223788043365,0.0279680160349424,0.012926615389056286,15,1,4
qp0dj0,97,0.0006742479549668,0.2374435231533428,0.10125208443284982,88,2,4
qp0dj1,93,0.0011878997397642,0.3493859583654534,0.16908141627718803,84,2,4
qp0dj2,15,0.0001902888836933,0.0164353216278342,0.006328822368267547,15,1,4
qp0dj3,15,1.906448442899601e-05,0.038615095980325,0.010137263408033012,15,1,4
qp0dj4,79,0.0021432891482794,0.1199690255467858,0.03924769199174895,70,1,4
qp0dj5,84,0.0001181769848563,0.126177674524743,0.05299379103272832,76,1,4
qp0dj6,45,0.0004655983027146,0.0592257348994518,0.014004685083320161,43,1,4
qp0dj7,90,0.0010009555231039,0.1481194125388426,0.053314605754084046,82,1,4
qp0dj8,17,0.0003547352951598,0.0297276399517864,0.009565132936230777,17,1,4
qp0dj9,4,0.0080313284103465,0.0115263603743943,0.010124996596769825,4,1,2
qp0djb,3,0.0005702120434992,0.0070075429134774,0.003909575404504333,3,1,2
qp0djc,44,0.0009350468505719,0.096481852350331,0.018942438039112552,42,1,4
qp0djd,15,0.0012674595614804,0.024692555439894,0.008373385904628794,15,1,4
qp0dje,11,0.0001207120421104,0.0347337209167178,0.014295435403598327,11,1,4
qp0djf,5,7.976441154828974e-05,0.0110743555604592,0.005384389561115298,5,1,3
qp0djg,3,0.0002388874449378,0.0095673323889751,0.003451704379215367,3,1,2
qp0djh,69,0.0015193540924108,0.0743066738980396,0.023748265580320588,60,1,4
qp0djj,54,0.000927597896439,0.0568908190898816,0.017143425154687208,50,1,4
qp0djk,59,6.859287256736325e-05,0.07753715586228,0.023287691501938938,51,1,4
qp0djm,62,0.0002658762509572,0.0749030860192196,0.02186523996616818,56,1,4
qp0djn,6,0.0076622734904239,0.0223067925765149,0.0153824598003962,6,1,2
qp0djq,38,5.488631435736661e-05,0.0495462895222538,0.019492878258826715,35,1,4
qp0djs,30,0.0019250929267734,0.0372732823078011,0.01251512242479926,26,1,4
qp0djt,36,0.0008254768668326,0.0392343105181115,0.014447863418872232,36,1,4
qp0dju,3,0.0231874635180438,0.0727325253371811,0.04676276836387893,3,1,2
qp0djw,10,3.5345671062962456e-05,0.0306208911866333,0.010698304136520845,10,1,4
qp0djy,15,8.914734658294655e-05,0.0262037948175677,0.007374071492861963,15,1,4
qp0dn0,18,0.0009310041140023,0.0212425195886724,0.007342727442493194,18,1,4
qp0dn4,3,0.0008000595545556,0.0170803669401829,0.007810628778231267,3,1,1
qp0dn5,7,0.0004282471252246,0.0101018845113939,0.0037139125637758,7,1,3
qp0dnh,2,0.0003655980691127,0.0024367799893674,0.00140118902924005,2,1,1
qp0dnj,55,0.0009579462020646,0.0912088027422704,0.026413864813587686,49,1,4
qp0dnn,2,0.0007377880579475,0.007750971897103,0.00424437997752525,2,1,1
